Employee_Name,EmpID,MarriedID,MaritalStatusID,GenderID,EmpStatusID,DeptID,PerfScoreID,FromDiversityJobFairID,Salary,Termd,PositionID,Position,State,Zip,DOB,Sex,MaritalDesc,CitizenDesc,HispanicLatino,RaceDesc,DateofHire,DateofTermination,TermReason,EmploymentStatus,Department,ManagerName,ManagerID,RecruitmentSource,PerformanceScore,EngagementSurvey,EmpSatisfaction,SpecialProjectsCount,LastPerformanceReview_Date,DaysLateLast30,Absences,Years_Since_Last_Review,Salary_Ratio_To_Dept_Avg,Perf_Score_Numeric,Perf_Trend_Score,Engagement_Risk_Score,Is_Terminated,Is_Top_Performer,Workforce_Cluster,Cluster_Archetype,Hire_Year,Turnover_Cost_Exposure
"Adinolfi, Wilson  K",10026,0,0,1,1,5,4,0,62506,0,19,Production Technician I,MA,1960,1983-07-10,M ,Single,US Citizen,No,White,2011-07-05,,N/A-StillEmployed,Active,Production,Michael Albert,22.0,LinkedIn,Exceeds,4.6,5,0,2019-01-17,0,1,0.9555099247091033,1.0425738715884572,4,3.98,0.5000000000000003,0,1,1,Solid Performers,2011,93759.0
"Ait Sidi, Karthikeyan   ",10084,1,1,1,5,3,3,0,104437,1,27,Sr. DBA,MA,2148,2075-05-05,M ,Married,US Citizen,No,White,2015-03-30,2016-06-16,career change,Voluntarily Terminated,IT/IS,Simon Roup,4.0,Indeed,Fully Meets,4.96,3,6,2016-02-24,0,17,3.8521560574948666,1.0759530968229007,3,3.2600000000000002,3.74,1,1,1,Solid Performers,2015,156655.5
"Akinkuolie, Sarah",10196,1,1,0,5,5,3,0,64955,1,20,Production Technician II,MA,1810,1988-09-19,F,Married,US Citizen,No,White,2011-07-05,2012-09-24,hours,Voluntarily Terminated,Production,Kissy Sullivan,20.0,LinkedIn,Fully Meets,3.02,3,0,2012-05-15,0,3,7.630390143737166,1.0834221647366369,3,2.94,4.28,1,1,0,Underpaid Overachievers,2011,97432.5
"Alagbe,Trina",10088,1,1,0,1,5,3,0,64991,0,19,Production Technician I,MA,1886,1988-09-27,F,Married,US Citizen,No,White,2008-01-07,,N/A-StillEmployed,Active,Production,Elijiah Gray,16.0,Indeed,Fully Meets,4.84,5,0,2019-01-03,0,15,0.9938398357289527,1.084022629642041,3,2.7,1.6600000000000001,0,1,1,Solid Performers,2008,97486.5
"Anderson, Carol ",10069,0,2,0,5,5,3,0,50825,1,19,Production Technician I,MA,2169,1989-09-08,F,Divorced,US Citizen,No,White,2011-07-11,2016-09-06,return to school,Voluntarily Terminated,Production,Webster Butler,39.0,Google Search,Fully Meets,5.0,4,0,2016-02-01,0,2,3.915126625598905,0.8477396893655542,3,2.96,1.2,1,1,1,Solid Performers,2011,76237.5
"Anderson, Linda  ",10002,0,0,0,1,5,4,0,57568,0,19,Production Technician I,MA,1844,1977-05-22,F,Single,US Citizen,No,White,2012-01-09,,N/A-StillEmployed,Active,Production,Amy Dunn,11.0,LinkedIn,Exceeds,5.0,5,0,2019-01-07,0,15,0.9828884325804244,0.9602101020638707,4,3.7,1.5,0,1,1,Solid Performers,2012,86352.0
"Andreola, Colby",10194,0,0,0,1,4,3,0,95660,0,24,Software Engineer,MA,2110,1979-05-24,F,Single,US Citizen,No,White,2014-11-10,,N/A-StillEmployed,Active,Software Engineering,Alex Sweetwater,10.0,LinkedIn,Fully Meets,3.04,3,4,2019-01-02,0,19,0.9965776865160849,1.007059156805923,3,3.02,5.859999999999999,0,1,0,Underpaid Overachievers,2014,143490.0
"Athwal, Sam",10062,0,4,1,1,5,3,0,59365,0,19,Production Technician I,MA,2199,1983-02-18,M ,Widowed,US Citizen,No,White,2013-09-30,,N/A-StillEmployed,Active,Production,Ketsia Liebig,19.0,Employee Referral,Fully Meets,5.0,4,0,2019-02-25,0,19,0.8487337440109514,0.9901833085919552,3,2.62,2.9,0,1,1,Solid Performers,2013,89047.5
"Bachiochi, Linda",10114,0,0,0,3,5,3,1,47837,0,19,Production Technician I,MA,1902,2070-02-11,F,Single,US Citizen,No,Black or African American,2009-07-06,,N/A-StillEmployed,Active,Production,Brannon Miller,12.0,Diversity Job Fair,Fully Meets,4.46,3,0,2019-01-25,0,4,0.9336071184120466,0.7979011022170195,3,2.92,2.94,0,1,1,Solid Performers,2009,71755.5
"Bacong, Alejandro ",10250,0,2,1,1,3,3,0,50178,0,14,IT Support,MA,1886,1988-01-07,M ,Divorced,US Citizen,No,White,2015-01-05,,N/A-StillEmployed,Active,IT/IS,Peter Monroe,7.0,Indeed,Fully Meets,5.0,5,6,2019-02-18,0,16,0.8678986995208761,0.5169544748736512,3,3.2800000000000002,1.6,0,1,1,Solid Performers,2015,75267.0
"Baczenski, Rachael  ",10252,1,1,0,5,5,3,1,54670,1,19,Production Technician I,MA,1902,2074-01-12,F,Married,US Citizen,Yes,Black or African American,2011-01-10,2017-01-12,Another position,Voluntarily Terminated,Production,David Stanley,14.0,Diversity Job Fair,Fully Meets,4.2,4,0,2016-01-30,0,12,3.920602327173169,0.911872677178846,3,2.76,3.0,1,1,1,Solid Performers,2011,82005.0
"Barbara, Thomas",10242,1,1,1,5,5,3,1,47211,1,19,Production Technician I,MA,2062,2074-02-21,M ,Married,US Citizen,Yes,Black or African American,2012-04-02,2016-09-19,unhappy,Voluntarily Terminated,Production,Kissy Sullivan,20.0,Diversity Job Fair,Fully Meets,4.2,3,0,2016-05-06,0,15,3.6550308008213555,0.7874596846952716,3,2.7,4.3,1,1,0,Underpaid Overachievers,2012,70816.5
"Barbossa, Hector",10012,0,2,1,1,3,4,1,92328,0,9,Data Analyst,TX,78230,1988-07-04,M ,Divorced,US Citizen,No,Black or African American,2014-11-10,,N/A-StillEmployed,Active,IT/IS,Simon Roup,4.0,Diversity Job Fair,Exceeds,4.28,4,5,2019-02-25,0,9,0.8487337440109514,0.9512011789257139,4,4.32,2.6199999999999997,0,1,1,Solid Performers,2014,138492.0
"Barone, Francesco  A",10265,0,0,1,1,5,3,0,58709,0,19,Production Technician I,MA,1810,1983-07-20,M ,Single,US Citizen,No,Two or more races,2012-02-20,,N/A-StillEmployed,Active,Production,Kelley Spirea,18.0,Google Search,Fully Meets,4.6,4,0,2019-02-14,0,7,0.8788501026694046,0.9792415036490374,3,2.86,2.1000000000000005,0,1,1,Solid Performers,2012,88063.5
"Barton, Nader",10066,0,2,1,5,5,3,0,52505,1,19,Production Technician I,MA,2747,1977-07-15,M ,Divorced,US Citizen,No,White,2012-09-24,2017-04-06,Another position,Voluntarily Terminated,Production,Michael Albert,22.0,On-line Web application,Fully Meets,5.0,5,0,2017-03-02,0,1,2.833675564681725,0.8757613849510757,3,2.98,0.1,1,1,1,Solid Performers,2012,78757.5
"Bates, Norman",10061,0,0,1,4,5,3,0,57834,1,19,Production Technician I,MA,2050,1981-10-18,M ,Single,US Citizen,No,White,2011-02-21,2017-08-04,attendance,Terminated for Cause,Production,Kelley Spirea,18.0,Google Search,Fully Meets,5.0,4,0,2017-04-05,0,20,2.7405886379192332,0.9646468705315783,3,2.6,3.0,1,1,1,Solid Performers,2011,86751.0
"Beak, Kimberly  ",10023,1,1,0,2,5,4,0,70131,0,20,Production Technician II,MA,2145,2066-04-17,F,Married,US Citizen,No,White,2016-07-21,,N/A-StillEmployed,Active,Production,Kelley Spirea,18.0,Employee Referral,Exceeds,4.4,3,0,2019-01-14,0,16,0.9637234770704997,1.1697556744691724,4,3.68,4.199999999999999,0,1,1,Solid Performers,2016,105196.5
"Beatrice, Courtney ",10055,0,0,0,1,5,3,0,59026,0,19,Production Technician I,MA,1915,2070-10-27,F,Single,Eligible NonCitizen,No,White,2011-04-04,,N/A-StillEmployed,Active,Production,Elijiah Gray,16.0,Google Search,Fully Meets,5.0,5,0,2019-01-14,0,12,0.9637234770704997,0.984528930732734,3,2.76,1.2,0,1,1,Solid Performers,2011,88539.0
"Becker, Renee",10245,0,0,0,4,3,3,0,110000,1,8,Database Administrator,MA,2026,1986-04-04,F,Single,US Citizen,Yes,White,2014-07-07,2015-09-12,performance,Terminated for Cause,IT/IS,Simon Roup,4.0,Google Search,Fully Meets,4.5,4,5,2015-01-15,0,8,4.960985626283367,1.133265419827447,3,3.34,2.3,1,1,1,Solid Performers,2014,165000.0
"Becker, Scott",10277,0,0,1,3,5,3,0,53250,0,19,Production Technician I,MA,2452,1979-04-06,M ,Single,US Citizen,No,Asian,2013-07-08,,N/A-StillEmployed,Active,Production,Webster Butler,,LinkedIn,Fully Meets,4.2,4,0,2019-01-11,0,13,0.971937029431896,0.8881876725767981,3,2.74,3.0999999999999996,0,1,1,Solid Performers,2013,79875.0
"Bernstein, Sean",10046,0,0,1,1,5,3,0,51044,0,19,Production Technician I,MA,2072,2070-12-22,M ,Single,US Citizen,Yes,White,2012-04-02,,N/A-StillEmployed,Active,Production,Amy Dunn,11.0,Google Search,Fully Meets,5.0,3,0,2019-01-14,0,13,0.9637234770704997,0.8513925175400954,3,2.74,3.3,0,1,1,Solid Performers,2012,76566.0
"Biden, Lowan  M",10226,0,2,0,1,5,3,0,64919,0,19,Production Technician I,MA,2027,2058-12-27,F,Divorced,US Citizen,No,Asian,2013-08-19,,N/A-StillEmployed,Active,Production,Ketsia Liebig,19.0,Indeed,Fully Meets,4.2,3,0,2019-01-10,0,2,0.974674880219028,1.082821699831233,3,2.96,3.0,0,1,1,Solid Performers,2013,97378.5
"Billis, Helen",10003,1,1,0,1,5,4,0,62910,0,19,Production Technician I,MA,2031,1989-09-01,F,Married,US Citizen,No,White,2014-07-07,,N/A-StillEmployed,Active,Production,Brannon Miller,12.0,Indeed,Exceeds,5.0,3,0,2019-02-27,0,19,0.8432580424366872,1.0493124221935468,4,3.62,3.9,0,1,1,Solid Performers,2014,94365.0
"Blount, Dianna",10294,0,0,0,1,5,2,0,66441,0,20,Production Technician II,MA,2171,1990-09-21,F,Single,US Citizen,No,White,2011-04-04,,N/A-StillEmployed,Active,Production,Michael Albert,22.0,CareerBuilder,Needs Improvement,2.0,3,0,2019-02-27,2,3,0.8432580424366872,1.108208021665259,2,1.94,5.3,0,0,0,Underpaid Overachievers,2011,99661.5
"Bondwell, Betsy",10267,0,0,0,5,5,3,0,57815,1,20,Production Technician II,MA,2210,2067-01-16,F,Single,US Citizen,No,White,2011-01-10,2014-04-04,career change,Voluntarily Terminated,Production,Elijiah Gray,16.0,Google Search,Fully Meets,4.8,5,0,2014-03-04,0,5,5.8288843258042435,0.9643299584981705,3,2.9,0.7000000000000002,1,1,1,Solid Performers,2011,86722.5
"Booth, Frank",10199,0,0,1,4,3,3,0,103613,1,30,Enterprise Architect,CT,6033,2064-07-30,M ,Single,US Citizen,No,Black or African American,2014-02-17,2016-02-19,Learned that he is a gangster,Terminated for Cause,IT/IS,Simon Roup,4.0,LinkedIn,Fully Meets,3.5,5,7,2016-01-10,0,2,3.975359342915811,1.0674639085871023,3,3.66,1.7,1,1,1,Solid Performers,2014,155419.5
"Boutwell, Bonalyn",10081,1,1,0,1,1,3,1,106367,0,26,Sr. Accountant,MA,2468,1987-04-04,F,Married,US Citizen,No,Black or African American,2015-02-16,,N/A-StillEmployed,Active,Admin Offices,Brandon R. LeBlanc,3.0,Diversity Job Fair,Fully Meets,5.0,4,3,2019-02-18,0,4,0.8678986995208761,1.4816019141747674,3,3.2199999999999998,1.4,0,1,1,Solid Performers,2015,159550.5
"Bozzi, Charles",10175,0,0,1,5,5,3,0,74312,1,18,Production Manager,MA,1901,2070-03-10,M ,Single,US Citizen,No,Asian,2013-09-30,2014-08-07,retiring,Voluntarily Terminated,Production,Janet King,2.0,Indeed,Fully Meets,3.39,3,0,2014-02-20,0,14,5.861738535249829,1.2394930013995684,3,2.7199999999999998,5.01,1,1,0,Underpaid Overachievers,2013,111468.0
"Brill, Donna",10177,1,1,0,5,5,3,0,53492,1,19,Production Technician I,MA,1701,1990-08-24,F,Married,US Citizen,No,White,2012-04-02,2013-06-15,Another position,Voluntarily Terminated,Production,David Stanley,14.0,Google Search,Fully Meets,3.35,4,0,2013-03-04,0,6,6.828199863107461,0.8922241311075696,3,2.88,3.25,1,1,1,Solid Performers,2012,80238.0
"Brown, Mia",10238,1,1,0,1,1,3,1,63000,0,1,Accountant I,MA,1450,1987-11-24,F,Married,US Citizen,No,Black or African American,2008-10-27,,N/A-StillEmployed,Active,Admin Offices,Brandon R. LeBlanc,1.0,Diversity Job Fair,Fully Meets,4.5,2,6,2019-01-15,0,14,0.9609856262833676,0.8775364595505217,3,3.3200000000000003,4.9,0,1,0,Underpaid Overachievers,2008,94500.0
"Buccheri, Joseph  ",10184,0,0,1,1,5,3,0,65288,0,20,Production Technician II,MA,1013,1983-07-28,M ,Single,US Citizen,No,White,2014-09-29,,N/A-StillEmployed,Active,Production,Webster Butler,,Google Search,Fully Meets,3.19,3,0,2019-02-01,0,9,0.9144421629021219,1.0889764651116243,3,2.82,4.71,0,1,0,Underpaid Overachievers,2014,97932.0
"Bugali, Josephine ",10203,0,3,0,3,5,3,1,64375,0,19,Production Technician I,MA,2043,2069-10-30,F,Separated,US Citizen,No,Black or African American,2013-11-11,,N/A-StillEmployed,Active,Production,Kissy Sullivan,20.0,Diversity Job Fair,Fully Meets,3.5,5,0,2019-01-21,0,17,0.944558521560575,1.0737480079273498,3,2.66,3.2,0,1,1,Solid Performers,2013,96562.5
"Bunbury, Jessica",10188,1,1,0,5,6,3,0,74326,1,3,Area Sales Manager,VA,21851,2064-06-01,F,Married,Eligible NonCitizen,No,Black or African American,2011-08-15,2014-08-02,Another position,Voluntarily Terminated,Sales,John Smith,17.0,Google Search,Fully Meets,3.14,5,0,2013-02-10,1,19,6.888432580424367,1.0762329283165621,3,2.62,3.76,1,1,0,Underpaid Overachievers,2011,111489.0
"Burke, Joelle",10107,0,0,0,1,5,3,0,63763,0,20,Production Technician II,MA,2148,1980-03-02,F,Single,US Citizen,No,Black or African American,2012-03-05,,N/A-StillEmployed,Active,Production,Amy Dunn,11.0,Employee Referral,Fully Meets,4.51,4,0,2019-02-21,0,3,0.8596851471594799,1.0635401045354813,3,2.94,1.7900000000000003,0,1,1,Solid Performers,2012,95644.5
"Burkett, Benjamin ",10181,1,1,1,1,5,3,0,62162,0,20,Production Technician II,MA,1890,1977-08-19,M ,Married,US Citizen,No,White,2011-04-04,,N/A-StillEmployed,Active,Production,Ketsia Liebig,19.0,Indeed,Fully Meets,3.25,5,0,2019-01-14,0,15,0.9637234770704997,1.0368360958257075,3,2.7,3.25,0,1,1,Solid Performers,2011,93243.0
"Cady, Max ",10150,0,0,1,1,4,3,0,77692,0,25,Software Engineering Manager,MA,2184,2066-11-22,M ,Single,US Citizen,No,White,2011-08-15,,N/A-StillEmployed,Active,Software Engineering,Jennifer Zamora,5.0,Google Search,Fully Meets,3.84,3,5,2019-01-21,0,4,0.944558521560575,0.8179013172754105,3,3.42,3.56,0,1,1,Solid Performers,2011,116538.0
"Candie, Calvin",10001,0,0,1,1,5,4,0,72640,0,18,Production Manager,MA,2169,1983-08-09,M ,Single,US Citizen,No,White,2016-01-28,,N/A-StillEmployed,Active,Production,Janet King,2.0,Indeed,Exceeds,5.0,3,0,2019-02-22,0,14,0.8569472963723477,1.2116047424596923,4,3.7199999999999998,3.4,0,1,1,Solid Performers,2016,108960.0
"Carabbio, Judith",10085,0,0,0,1,4,3,0,93396,0,24,Software Engineer,MA,2132,1987-04-05,F,Single,US Citizen,No,White,2013-11-11,,N/A-StillEmployed,Active,Software Engineering,Alex Sweetwater,10.0,Indeed,Fully Meets,4.96,4,6,2019-01-30,0,3,0.919917864476386,0.9832249321455779,3,3.54,1.34,0,1,1,Solid Performers,2013,140094.0
"Carey, Michael  ",10115,0,0,1,1,5,3,0,52846,0,19,Production Technician I,MA,1701,1983-02-02,M ,Single,US Citizen,No,Black or African American,2014-03-31,,N/A-StillEmployed,Active,Production,Kelley Spirea,18.0,LinkedIn,Fully Meets,4.43,3,0,2019-02-01,0,14,0.9144421629021219,0.8814491219717083,3,2.7199999999999998,3.97,0,1,0,Underpaid Overachievers,2014,79269.0
"Carr, Claudia  N",10082,0,0,0,2,3,3,0,100031,0,27,Sr. DBA,MA,1886,1986-06-06,F,Single,US Citizen,No,Black or African American,2016-06-30,,N/A-StillEmployed,Active,IT/IS,Simon Roup,4.0,LinkedIn,Fully Meets,5.0,5,6,2019-02-18,0,7,0.8678986995208761,1.0305606655523576,3,3.46,0.7,0,1,1,Solid Performers,2016,150046.5
"Carter, Michelle ",10040,0,0,0,1,6,3,0,71860,0,3,Area Sales Manager,VT,5664,2063-05-15,F,Single,US Citizen,No,White,2014-08-18,,N/A-StillEmployed,Active,Sales,John Smith,17.0,Indeed,Fully Meets,5.0,5,0,2019-01-21,0,7,0.944558521560575,1.0405254988675317,3,2.86,0.7,0,1,1,Solid Performers,2014,107790.0
"Chace, Beatrice ",10067,0,0,0,1,5,3,0,61656,0,19,Production Technician I,MA,2763,2051-01-02,F,Single,US Citizen,No,White,2014-09-29,,N/A-StillEmployed,Active,Production,Michael Albert,22.0,Google Search,Fully Meets,5.0,4,0,2019-02-12,0,11,0.8843258042436687,1.0283962279886396,3,2.78,2.1,0,1,1,Solid Performers,2014,92484.0
"Champaigne, Brian",10108,1,1,1,1,3,3,0,110929,0,5,BI Director,MA,2045,2072-02-09,M ,Married,US Citizen,No,White,2016-09-06,,N/A-StillEmployed,Active,IT/IS,Jennifer Zamora,5.0,Indeed,Fully Meets,4.5,5,7,2019-01-15,0,8,0.9609856262833676,1.142836361418535,3,3.54,1.3,0,1,1,Solid Performers,2016,166393.5
"Chan, Lin",10210,0,0,0,1,5,3,0,54237,0,19,Production Technician I,MA,2170,1979-02-12,F,Single,US Citizen,No,White,2014-05-12,,N/A-StillEmployed,Active,Production,Elijiah Gray,16.0,Indeed,Fully Meets,3.3,4,0,2019-02-19,0,11,0.865160848733744,0.904650418733292,3,2.78,3.8000000000000003,0,1,0,Underpaid Overachievers,2014,81355.5
"Chang, Donovan  E",10154,0,0,1,1,5,3,0,60380,0,19,Production Technician I,MA,1845,1983-08-24,M ,Single,US Citizen,No,White,2013-07-08,,N/A-StillEmployed,Active,Production,Webster Butler,,LinkedIn,Fully Meets,3.8,5,0,2019-01-14,0,4,0.9637234770704997,1.0071130830082078,3,2.92,1.6,0,1,1,Solid Performers,2013,90570.0
"Chigurh, Anton",10200,0,0,1,1,6,3,0,66808,0,3,Area Sales Manager,TX,78207,2070-06-11,M ,Single,Eligible NonCitizen,No,Black or African American,2012-05-14,,N/A-StillEmployed,Active,Sales,Lynn Daneault,21.0,Employee Referral,Fully Meets,3.0,5,0,2019-01-19,0,17,0.9500342231348392,0.967373052161732,3,2.66,3.7,0,1,0,Underpaid Overachievers,2012,100212.0
"Chivukula, Enola",10240,0,0,0,5,5,3,0,64786,1,19,Production Technician I,MA,1775,1983-08-27,F,Single,US Citizen,No,White,2011-06-27,2015-11-15,relocation out of area,Voluntarily Terminated,Production,Amy Dunn,11.0,Indeed,Fully Meets,4.3,4,0,2015-03-10,0,3,4.813141683778234,1.080603315597379,3,2.94,2.0,1,1,1,Solid Performers,2011,97179.0
"Cierpiszewski, Caroline  ",10168,0,0,0,1,5,3,0,64816,0,19,Production Technician I,MA,2044,1988-05-31,F,Single,Non-Citizen,No,Black or African American,2011-10-03,,N/A-StillEmployed,Active,Production,Ketsia Liebig,19.0,Indeed,Fully Meets,3.58,5,0,2019-01-30,0,3,0.919917864476386,1.081103703018549,3,2.94,1.72,0,1,1,Solid Performers,2011,97224.0
"Clayton, Rick",10220,0,0,1,1,3,3,0,68678,0,14,IT Support,MA,2170,1985-09-05,M ,Single,US Citizen,No,White,2012-09-05,,N/A-StillEmployed,Active,IT/IS,Eric Dougall,6.0,Indeed,Fully Meets,4.7,3,6,2019-02-27,0,2,0.8432580424366872,0.7075491136628127,3,3.56,2.5,0,1,1,Solid Performers,2012,103017.0
"Cloninger, Jennifer",10275,1,1,0,5,5,3,0,64066,1,20,Production Technician II,MA,1752,1981-08-31,F,Married,US Citizen,No,White,2011-05-16,2013-01-07,unhappy,Voluntarily Terminated,Production,Brannon Miller,12.0,Google Search,Fully Meets,4.2,5,0,2012-05-03,0,9,7.663244353182751,1.0685940174892985,3,2.82,1.6999999999999997,1,1,1,Solid Performers,2011,96099.0
"Close, Phil",10269,1,1,1,5,5,3,0,59369,1,20,Production Technician II,MA,2169,1978-11-25,M ,Married,US Citizen,No,White,2010-08-30,2011-09-26,career change,Voluntarily Terminated,Production,David Stanley,14.0,Indeed,Fully Meets,4.2,4,0,2011-05-04,0,6,8.66255989048597,0.9902500269147779,3,2.88,2.4,1,1,1,Solid Performers,2010,89053.5
"Clukey, Elijian",10029,1,1,1,2,5,4,0,50373,0,19,Production Technician I,MA,2134,1980-08-26,M ,Married,US Citizen,No,White,2016-07-06,,N/A-StillEmployed,Active,Production,Brannon Miller,12.0,Employee Referral,Exceeds,4.1,4,0,2019-02-28,0,5,0.840520191649555,0.8402005188865925,4,3.9,2.4000000000000004,0,1,1,Solid Performers,2016,75559.5
"Cockel, James",10261,0,0,1,1,5,3,0,63108,0,19,Production Technician I,MA,2452,1977-09-08,M ,Single,US Citizen,No,White,2013-07-08,,N/A-StillEmployed,Active,Production,David Stanley,14.0,Employee Referral,Fully Meets,4.4,5,0,2019-01-14,0,3,0.9637234770704997,1.052614979173269,3,2.94,0.8999999999999997,0,1,1,Solid Performers,2013,94662.0
"Cole, Spencer",10292,0,0,1,4,5,2,0,59144,1,19,Production Technician I,MA,1880,1979-08-12,M ,Single,US Citizen,No,Black or African American,2011-07-11,2016-09-23,performance,Terminated for Cause,Production,Kissy Sullivan,20.0,LinkedIn,Needs Improvement,2.0,3,0,2016-05-01,5,16,3.668720054757016,0.9864971212560028,2,1.68,6.6,1,0,0,Underpaid Overachievers,2011,88716.0
"Corleone, Michael",10282,0,2,1,1,5,2,0,68051,0,18,Production Manager,MA,1803,2075-12-17,M ,Divorced,US Citizen,No,White,2010-07-20,,N/A-StillEmployed,Active,Production,Janet King,2.0,CareerBuilder,Needs Improvement,4.13,2,0,2019-01-14,3,3,0.9637234770704997,1.1350621466013837,2,1.94,4.17,0,0,0,Underpaid Overachievers,2010,102076.5
"Corleone, Vito",10019,0,0,1,1,5,4,0,170500,0,10,Director of Operations,MA,2030,1983-03-19,M ,Single,US Citizen,No,Black or African American,2009-01-05,,N/A-StillEmployed,Active,Production,Janet King,2.0,Indeed,Exceeds,3.7,5,0,2019-02-04,0,15,0.9062286105407256,2.843868510316321,4,3.7,2.8,0,1,2,Disengaged Risk Group,2009,255750.0
"Cornett, Lisa ",10094,1,1,0,1,5,3,0,63381,0,19,Production Technician I,MA,2189,1977-03-31,F,Married,US Citizen,Yes,White,2015-01-05,,N/A-StillEmployed,Active,Production,Kelley Spirea,18.0,Indeed,Fully Meets,4.73,5,0,2019-02-14,0,6,0.8788501026694046,1.0571685047059163,3,2.88,0.8699999999999996,0,1,1,Solid Performers,2015,95071.5
"Costello, Frank",10193,1,1,1,1,3,3,0,83552,0,9,Data Analyst,MA,1810,1986-08-26,M ,Married,US Citizen,No,White,2015-03-30,,N/A-StillEmployed,Active,IT/IS,Simon Roup,4.0,Indeed,Fully Meets,3.04,3,6,2019-01-22,0,2,0.9418206707734429,0.8607872032492986,3,3.56,4.16,0,1,1,Solid Performers,2015,125328.0
"Crimmings,   Jean",10132,0,0,0,2,5,3,0,56149,0,19,Production Technician I,MA,1821,1987-04-10,F,Single,US Citizen,No,White,2016-07-06,,N/A-StillEmployed,Active,Production,Michael Albert,22.0,LinkedIn,Fully Meets,4.12,5,0,2019-01-28,0,15,0.9253935660506503,0.9365417770425284,3,2.7,2.38,0,1,1,Solid Performers,2016,84223.5
"Cross, Noah",10083,0,0,1,1,3,3,0,92329,0,28,Sr. Network Engineer,CT,6278,2065-09-09,M ,Single,US Citizen,No,White,2014-11-10,,N/A-StillEmployed,Active,IT/IS,Peter Monroe,7.0,Employee Referral,Fully Meets,5.0,3,4,2019-01-02,0,5,0.9965776865160849,0.9512114813386213,3,3.3,2.5,0,1,1,Solid Performers,2014,138493.5
"Daneault, Lynn",10099,0,0,0,1,6,3,0,65729,0,21,Sales Manager,VT,5473,1990-04-19,F,Single,US Citizen,No,White,2014-05-05,,N/A-StillEmployed,Active,Sales,Debra Houlihan,15.0,Indeed,Fully Meets,4.62,4,0,2019-01-24,0,8,0.9363449691991786,0.9517492417904814,3,2.84,2.1799999999999997,0,1,1,Solid Performers,2014,98593.5
"Daniele, Ann  ",10212,1,1,0,3,3,3,0,85028,0,28,Sr. Network Engineer,CT,6033,2052-01-18,F,Married,US Citizen,No,White,2014-11-10,,N/A-StillEmployed,Active,IT/IS,Peter Monroe,7.0,LinkedIn,Fully Meets,3.1,5,8,2019-02-12,0,19,0.8843258042436687,0.8759935647008015,3,3.42,3.8,0,1,1,Solid Performers,2014,127542.0
"Darson, Jene'ya ",10056,1,1,0,1,5,3,0,57583,0,19,Production Technician I,MA,2110,1978-11-05,F,Married,US Citizen,No,White,2012-07-02,,N/A-StillEmployed,Active,Production,Elijiah Gray,16.0,Indeed,Fully Meets,5.0,3,0,2019-02-25,0,1,0.8487337440109514,0.9604602957744557,3,2.98,2.1,0,1,1,Solid Performers,2012,86374.5
"Davis, Daniel",10143,0,0,1,1,5,3,0,56294,0,20,Production Technician II,MA,2458,1979-09-14,M ,Single,Eligible NonCitizen,No,Two or more races,2011-11-07,,N/A-StillEmployed,Active,Production,Kissy Sullivan,20.0,LinkedIn,Fully Meets,3.96,4,0,2019-02-27,0,6,0.8432580424366872,0.9389603162448502,3,2.88,2.64,0,1,1,Solid Performers,2011,84441.0
"Dee, Randy",10311,1,1,1,1,6,1,0,56991,0,19,Production Technician I,MA,2138,1988-04-15,M ,Married,US Citizen,No,White,2018-07-09,,N/A-StillEmployed,Active,Production,Brannon Miller,12.0,Indeed,Fully Meets,4.3,4,3,2019-01-31,2,2,0.917180013689254,0.9505859839967005,3,3.26,1.9000000000000001,0,1,1,Solid Performers,2018,85486.5
"DeGweck,  James",10070,1,1,1,5,5,3,0,55722,1,19,Production Technician I,MA,1810,1977-10-31,M ,Married,US Citizen,No,White,2011-05-16,2016-06-08,unhappy,Voluntarily Terminated,Production,Webster Butler,39.0,Indeed,Fully Meets,5.0,4,0,2016-04-02,0,14,3.7481177275838466,0.9294195960812083,3,2.7199999999999998,2.4,1,1,1,Solid Performers,2011,83583.0
"Del Bosque, Keyla",10155,0,0,0,1,4,3,0,101199,0,24,Software Engineer,MA,2176,1979-07-05,F,Single,US Citizen,No,Black or African American,2012-01-09,,N/A-StillEmployed,Active,Software Engineering,Alex Sweetwater,10.0,CareerBuilder,Fully Meets,3.79,5,5,2019-01-25,0,8,0.9336071184120466,1.0653708928455217,3,3.34,2.01,0,1,1,Solid Performers,2012,151798.5
"Delarge, Alex",10306,0,0,1,1,6,1,0,61568,0,3,Area Sales Manager,AL,36006,2075-11-02,M ,Single,US Citizen,No,Two or more races,2014-09-29,,N/A-StillEmployed,Active,Sales,John Smith,17.0,Indeed,PIP,1.93,3,0,2019-01-30,6,5,0.919917864476386,0.8914983845571416,1,0.9,5.57,0,0,0,Underpaid Overachievers,2014,92352.0
"Demita, Carla",10100,0,3,0,5,5,3,0,58275,1,20,Production Technician II,MA,2343,2051-02-25,F,Separated,US Citizen,No,Black or African American,2011-04-04,2015-11-04,more money,Voluntarily Terminated,Production,Kelley Spirea,18.0,Google Search,Fully Meets,4.62,5,0,2015-05-06,0,1,4.657084188911704,0.9720025656227776,3,2.98,0.47999999999999987,1,1,1,Solid Performers,2011,87412.5
"Desimone, Carl ",10310,1,1,1,1,5,1,0,53189,0,19,Production Technician I,MA,2061,2067-04-19,M ,Married,US Citizen,No,White,2014-07-07,,N/A-StillEmployed,Active,Production,Amy Dunn,11.0,Indeed,PIP,1.12,2,0,2019-01-31,4,9,0.917180013689254,0.8871702181537524,1,0.8200000000000001,7.78,0,0,0,Underpaid Overachievers,2014,79783.5
"DeVito, Tommy",10197,0,0,1,1,3,3,0,96820,0,4,BI Developer,MA,2045,1983-09-04,M ,Single,US Citizen,No,White,2017-02-15,,N/A-StillEmployed,Active,IT/IS,Brian Champaigne,13.0,Indeed,Fully Meets,3.01,5,7,2019-01-23,0,15,0.9390828199863107,0.9974796177063038,3,3.4000000000000004,3.49,0,1,1,Solid Performers,2017,145230.0
"Dickinson, Geoff ",10276,0,0,1,1,5,3,0,51259,0,19,Production Technician I,MA,2180,1982-11-15,M ,Single,US Citizen,No,White,2014-05-12,,N/A-StillEmployed,Active,Production,Ketsia Liebig,19.0,Indeed,Fully Meets,4.3,4,0,2019-02-19,0,1,0.865160848733744,0.854978627391814,3,2.98,1.8000000000000003,0,1,1,Solid Performers,2014,76888.5
"Dietrich, Jenna  ",10304,0,0,0,1,6,1,0,59231,0,3,Area Sales Manager,WA,98052,1987-05-14,F,Single,US Citizen,Yes,White,2012-02-20,,N/A-StillEmployed,Active,Sales,John Smith,17.0,Website,PIP,2.3,1,0,2019-01-29,2,17,0.9226557152635181,0.8576588620014302,1,0.6599999999999999,8.4,0,0,0,Underpaid Overachievers,2012,88846.5
"DiNocco, Lily ",10284,1,1,0,1,5,2,0,61584,0,19,Production Technician I,MA,2351,1978-12-02,F,Married,US Citizen,No,Black or African American,2013-01-07,,N/A-StillEmployed,Active,Production,Brannon Miller,12.0,Indeed,Needs Improvement,3.88,4,0,2019-01-18,0,6,0.9527720739219713,1.0271952981778316,2,1.88,2.72,0,0,0,Underpaid Overachievers,2013,92376.0
"Dobrin, Denisa  S",10207,0,0,0,1,5,3,0,46335,0,19,Production Technician I,MA,2125,1986-10-07,F,Single,US Citizen,Yes,White,2012-04-02,,N/A-StillEmployed,Active,Production,David Stanley,14.0,CareerBuilder,Fully Meets,3.4,5,0,2019-02-19,0,15,0.865160848733744,0.7728483719971069,3,2.7,3.1,0,1,1,Solid Performers,2012,69502.5
"Dolan, Linda",10133,1,1,0,1,3,3,0,70621,0,14,IT Support,MA,2119,1988-07-18,F,Married,US Citizen,No,White,2015-01-05,,N/A-StillEmployed,Active,IT/IS,Peter Monroe,7.0,Employee Referral,Fully Meets,4.11,4,6,2019-02-25,0,16,0.8487337440109514,0.7275667019421285,3,3.2800000000000002,3.4899999999999998,0,1,1,Solid Performers,2015,105931.5
"Dougall, Eric",10028,0,0,1,1,3,4,0,138888,0,13,IT Manager - Support,MA,1886,2070-07-09,M ,Single,US Citizen,No,Black or African American,2014-01-05,,N/A-StillEmployed,Active,IT/IS,Jennifer Zamora,5.0,Indeed,Exceeds,4.3,5,5,2019-01-04,0,4,0.9911019849418207,1.4308815238999495,4,4.42,1.1,0,1,1,Solid Performers,2014,208332.0
"Driver, Elle",10006,0,0,0,1,6,4,0,74241,0,3,Area Sales Manager,CA,90007,1988-11-08,F,Single,US Citizen,No,White,2011-01-10,,N/A-StillEmployed,Active,Sales,Lynn Daneault,21.0,Indeed,Exceeds,4.77,5,0,2019-01-27,0,14,0.9281314168377823,1.0750021369527474,4,3.7199999999999998,1.6300000000000003,0,1,1,Solid Performers,2011,111361.5
"Dunn, Amy  ",10105,0,0,0,1,5,3,0,75188,0,18,Production Manager,MA,1731,2073-11-28,F,Single,US Citizen,No,White,2014-09-18,,N/A-StillEmployed,Active,Production,Janet King,2.0,Google Search,Fully Meets,4.52,4,0,2019-01-15,0,4,0.9609856262833676,1.2541043140977333,3,2.92,1.8800000000000003,0,1,1,Solid Performers,2014,112782.0
"Dunne, Amy",10211,1,1,0,1,5,3,0,62514,0,19,Production Technician I,MA,1749,2073-09-23,F,Married,US Citizen,No,White,2010-04-26,,N/A-StillEmployed,Active,Production,Ketsia Liebig,19.0,Google Search,Fully Meets,2.9,3,0,2019-01-21,0,6,0.944558521560575,1.0427073082341025,3,2.88,4.699999999999999,0,1,0,Underpaid Overachievers,2010,93771.0
"Eaton, Marianne",10064,1,1,0,5,5,3,0,60070,1,19,Production Technician I,MA,2343,1991-09-05,F,Married,US Citizen,No,White,2011-04-04,2017-06-06,military,Voluntarily Terminated,Production,Kissy Sullivan,20.0,Google Search,Fully Meets,5.0,3,0,2017-04-09,0,7,2.729637234770705,1.001942412989451,3,2.86,2.7,1,1,1,Solid Performers,2011,90105.0
"Engdahl, Jean",10247,0,0,1,1,5,3,0,48888,0,19,Production Technician I,MA,2026,2074-05-31,M ,Single,US Citizen,No,White,2014-11-10,,N/A-StillEmployed,Active,Production,Kelley Spirea,18.0,LinkedIn,Fully Meets,4.7,5,0,2019-02-13,0,8,0.8815879534565366,0.8154313415386761,3,2.84,1.0999999999999999,0,1,1,Solid Performers,2014,73332.0
"England, Rex",10235,1,1,1,1,5,3,0,54285,0,19,Production Technician I,MA,2045,1978-08-25,M ,Married,US Citizen,No,White,2014-03-31,,N/A-StillEmployed,Active,Production,Kelley Spirea,18.0,Employee Referral,Fully Meets,4.2,3,0,2019-01-11,0,3,0.971937029431896,0.905451038607164,3,2.94,3.0999999999999996,0,1,1,Solid Performers,2014,81427.5
"Erilus, Angela",10299,0,3,0,1,5,1,0,56847,0,20,Production Technician II,MA,2133,1989-08-25,F,Separated,US Citizen,No,White,2014-07-07,,N/A-StillEmployed,Active,Production,Michael Albert,22.0,Indeed,PIP,3.0,1,0,2019-02-25,2,5,0.8487337440109514,0.9481841243750844,1,0.9,6.5,0,0,0,Underpaid Overachievers,2014,85270.5
"Estremera, Miguel",10280,0,0,1,4,5,2,0,60340,1,19,Production Technician I,MA,2129,1983-09-02,M ,Single,US Citizen,No,White,2012-04-02,2018-09-27,attendance,Terminated for Cause,Production,Michael Albert,22.0,Google Search,Needs Improvement,5.0,4,0,2018-04-12,5,16,1.7221081451060918,1.0064458997799812,2,1.68,2.6,1,0,0,Underpaid Overachievers,2012,90510.0
"Evensen, April",10296,0,0,0,4,5,2,0,59124,1,19,Production Technician I,MA,2458,1989-05-06,F,Single,US Citizen,No,White,2014-02-17,2018-02-25,"no-call, no-show",Terminated for Cause,Production,Elijiah Gray,16.0,Google Search,Needs Improvement,2.3,3,0,2017-01-15,5,19,2.9596167008898013,0.9861635296418894,2,1.62,6.6,1,0,0,Underpaid Overachievers,2014,88686.0
"Exantus, Susan",10290,1,1,0,4,4,2,0,99280,1,24,Software Engineer,MA,1749,1987-05-15,F,Married,US Citizen,No,Black or African American,2011-05-02,2013-06-05,attendance,Terminated for Cause,Software Engineering,Alex Sweetwater,10.0,Indeed,Needs Improvement,2.1,5,4,2012-08-10,4,19,7.392197125256674,1.0451686502999376,2,2.02,4.8,1,0,0,Underpaid Overachievers,2011,148920.0
"Faller, Megan ",10263,1,1,0,1,5,3,0,71776,0,20,Production Technician II,MA,1824,1978-09-22,F,Married,US Citizen,No,Black or African American,2014-07-07,,N/A-StillEmployed,Active,Production,Elijiah Gray,16.0,LinkedIn,Fully Meets,4.4,5,0,2019-02-22,0,17,0.8569472963723477,1.1971935847299955,3,2.66,2.3,0,1,1,Solid Performers,2014,107664.0
"Fancett, Nicole",10136,0,0,0,1,5,3,0,65902,0,20,Production Technician II,MA,2324,1987-09-27,F,Single,US Citizen,No,Black or African American,2014-02-17,,N/A-StillEmployed,Active,Production,Webster Butler,,LinkedIn,Fully Meets,4.0,4,0,2019-01-07,0,7,0.9828884325804244,1.0992177276649042,3,2.86,2.7,0,1,1,Solid Performers,2014,98853.0
"Ferguson, Susan",10189,1,1,0,5,5,3,0,57748,1,19,Production Technician I,MA,2176,2055-04-14,F,Married,US Citizen,No,White,2011-11-07,2016-05-17,military,Voluntarily Terminated,Production,Webster Butler,39.0,Google Search,Fully Meets,3.13,3,0,2016-02-04,0,16,3.9069130732375084,0.9632124265908908,3,2.68,5.470000000000001,1,1,0,Underpaid Overachievers,2011,86622.0
"Fernandes, Nilson  ",10308,1,1,1,1,5,1,0,64057,0,19,Production Technician I,MA,2132,1989-10-18,M ,Married,US Citizen,No,White,2015-05-11,,N/A-StillEmployed,Active,Production,Amy Dunn,11.0,Indeed,PIP,1.56,5,0,2019-01-03,6,15,0.9938398357289527,1.0684439012629474,1,0.7,4.9399999999999995,0,0,0,Underpaid Overachievers,2015,96085.5
"Fett, Boba",10309,0,0,1,1,3,1,0,53366,0,15,Network Engineer,MA,2138,1987-06-18,M ,Single,US Citizen,No,White,2015-03-30,,N/A-StillEmployed,Active,IT/IS,Peter Monroe,7.0,LinkedIn,PIP,1.2,3,6,2019-02-04,3,2,0.9062286105407256,0.5497985672228322,1,1.56,6.0,0,0,0,Underpaid Overachievers,2015,80049.0
"Fidelia,  Libby",10049,1,1,0,1,5,3,0,58530,0,19,Production Technician I,MA,2155,1981-03-16,F,Married,US Citizen,No,White,2012-01-09,,N/A-StillEmployed,Active,Production,Brannon Miller,12.0,Google Search,Fully Meets,5.0,5,0,2019-01-29,0,19,0.9226557152635181,0.9762558587027228,3,2.62,1.9,0,1,1,Solid Performers,2012,87795.0
"Fitzpatrick, Michael  J",10093,0,0,1,5,5,3,0,72609,1,20,Production Technician II,MA,2143,1981-10-01,M ,Single,US Citizen,Yes,White,2011-05-16,2013-06-24,hours,Voluntarily Terminated,Production,Amy Dunn,11.0,Google Search,Fully Meets,4.76,5,0,2013-04-05,0,20,6.740588637919234,1.2110876754578166,3,2.6,2.24,1,1,1,Solid Performers,2011,108913.5
"Foreman, Tanya",10163,1,1,0,5,5,3,0,55965,1,20,Production Technician II,MA,2170,1983-11-08,F,Married,US Citizen,No,White,2011-04-04,2013-01-09,career change,Voluntarily Terminated,Production,Ketsia Liebig,19.0,Google Search,Fully Meets,3.66,3,0,2012-01-07,0,6,7.983572895277208,0.9334727341926855,3,2.88,3.94,1,1,1,Solid Performers,2011,83947.5
"Forrest, Alex",10305,1,1,1,1,6,3,0,70187,1,3,Area Sales Manager,MA,2330,2075-07-07,M ,Married,US Citizen,No,White,2014-09-29,2018-08-19,Fatal attraction,Terminated for Cause,Sales,Lynn Daneault,21.0,Employee Referral,PIP,2.0,5,0,2019-01-28,4,7,0.9253935660506503,1.0163006288479746,1,0.86,3.7,1,0,0,Underpaid Overachievers,2014,105280.5
"Foss, Jason",10015,0,0,1,1,3,4,0,178000,0,12,IT Director,MA,1460,1980-07-05,M ,Single,US Citizen,No,Black or African American,2011-04-15,,N/A-StillEmployed,Active,IT/IS,Jennifer Zamora,5.0,Indeed,Exceeds,5.0,5,5,2019-01-07,0,15,0.9828884325804244,1.8338294975389595,4,4.2,1.5,0,1,2,Disengaged Risk Group,2011,267000.0
"Foster-Baker, Amy",10080,1,1,0,1,1,3,0,99351,0,26,Sr. Accountant,MA,2050,1979-04-16,F,Married,US Citizen,no,White,2009-01-05,,N/A-StillEmployed,Active,Admin Offices,Board of Directors,9.0,Other,Fully Meets,5.0,3,2,2019-02-08,0,3,0.8952772073921971,1.3838749967111728,3,3.14,2.3,0,1,1,Solid Performers,2009,149026.5
"Fraval, Maruk ",10258,0,0,1,1,6,3,0,67251,0,3,Area Sales Manager,CT,6050,2063-08-28,M ,Single,US Citizen,No,Black or African American,2011-09-06,,N/A-StillEmployed,Active,Sales,Lynn Daneault,21.0,CareerBuilder,Fully Meets,4.3,3,0,2019-01-27,2,7,0.9281314168377823,0.9737876471519674,3,2.86,3.4000000000000004,0,1,1,Solid Performers,2011,100876.5
"Galia, Lisa",10273,0,0,0,1,3,3,0,65707,0,14,IT Support,CT,6040,2068-07-06,F,Single,US Citizen,No,White,2010-05-01,,N/A-StillEmployed,Active,IT/IS,Eric Dougall,6.0,LinkedIn,Fully Meets,4.7,4,5,2019-02-01,0,1,0.9144421629021219,0.6769406449145642,3,3.48,1.4,0,1,1,Solid Performers,2010,98560.5
"Garcia, Raul",10111,0,0,1,1,5,3,0,52249,0,19,Production Technician I,MA,1905,1985-09-15,M ,Single,US Citizen,Yes,White,2015-03-30,,N/A-StillEmployed,Active,Production,David Stanley,14.0,Employee Referral,Fully Meets,4.5,3,0,2019-02-18,0,5,0.8678986995208761,0.8714914122904248,3,2.9,3.0,0,1,1,Solid Performers,2015,78373.5
"Gaul, Barbara",10257,0,0,0,1,5,3,0,53171,0,19,Production Technician I,MA,2121,1983-12-02,F,Single,US Citizen,Yes,Black or African American,2011-05-16,,N/A-StillEmployed,Active,Production,Kelley Spirea,18.0,LinkedIn,Fully Meets,4.2,4,0,2019-02-26,0,12,0.8459958932238193,0.8868699857010504,3,2.76,3.0,0,1,1,Solid Performers,2011,79756.5
"Gentry, Mildred",10159,1,1,0,1,5,3,0,51337,0,19,Production Technician I,MA,2145,1990-10-01,F,Married,US Citizen,No,Black or African American,2015-03-30,,N/A-StillEmployed,Active,Production,Michael Albert,22.0,LinkedIn,Fully Meets,3.73,3,0,2019-01-16,0,19,0.9582477754962354,0.856279634686856,3,2.62,5.17,0,1,0,Underpaid Overachievers,2015,77005.5
"Gerke, Melisa",10122,0,2,0,5,5,3,1,51505,1,19,Production Technician I,MA,2330,2070-05-15,F,Divorced,US Citizen,No,Black or African American,2011-11-07,2016-11-15,hours,Voluntarily Terminated,Production,Elijiah Gray,16.0,Diversity Job Fair,Fully Meets,4.24,4,0,2016-04-29,0,2,3.67419575633128,0.8590818042454081,3,2.96,1.9599999999999997,1,1,1,Solid Performers,2011,77257.5
"Gill, Whitney  ",10142,0,4,0,4,6,3,0,59370,1,3,Area Sales Manager,OH,43050,2071-07-10,F,Widowed,US Citizen,No,Black or African American,2014-07-07,2015-09-05,attendance,Terminated for Cause,Sales,John Smith,17.0,CareerBuilder,Fully Meets,3.97,4,0,2014-01-15,0,7,5.960301163586585,0.8596715678787274,3,2.86,2.7299999999999995,1,1,1,Solid Performers,2014,89055.0
"Gilles, Alex",10283,1,1,1,5,5,2,1,54933,1,19,Production Technician I,MA,2062,2074-08-09,M ,Married,US Citizen,No,Black or African American,2012-04-02,2015-06-25,military,Voluntarily Terminated,Production,Webster Butler,39.0,Diversity Job Fair,Needs Improvement,3.97,4,0,2015-01-20,3,15,4.947296372347707,0.9162594069044366,2,1.7,3.53,1,0,0,Underpaid Overachievers,2012,82399.5
"Girifalco, Evelyn",10018,0,0,0,1,5,4,0,57815,0,19,Production Technician I,MA,2451,1980-05-08,F,Single,US Citizen,Yes,Two or more races,2014-09-29,,N/A-StillEmployed,Active,Production,Amy Dunn,11.0,Indeed,Exceeds,3.9,4,0,2019-02-07,0,3,0.8980150581793293,0.9643299584981705,4,3.94,2.4,0,1,1,Solid Performers,2014,86722.5
"Givens, Myriam",10255,0,0,0,1,6,3,0,61555,0,3,Area Sales Manager,IN,46204,1989-09-22,F,Single,US Citizen,No,White,2015-02-16,,N/A-StillEmployed,Active,Sales,Lynn Daneault,21.0,Indeed,Fully Meets,4.5,5,0,2019-01-25,0,20,0.9336071184120466,0.8913101458779699,3,2.6,2.5,0,1,1,Solid Performers,2015,92332.5
"Goble, Taisha",10246,0,0,0,4,3,3,0,114800,1,8,Database Administrator,MA,2127,2071-10-23,F,Single,US Citizen,No,White,2015-02-16,2015-03-15,"no-call, no-show",Terminated for Cause,IT/IS,Simon Roup,4.0,Indeed,Fully Meets,4.6,4,4,2015-01-20,0,10,4.947296372347707,1.1827170017835538,3,3.1999999999999997,2.4000000000000004,1,1,1,Solid Performers,2015,172200.0
"Goeth, Amon",10228,1,1,1,1,3,3,0,74679,0,14,IT Support,MA,2135,1989-11-24,M ,Married,US Citizen,Yes,White,2015-03-30,,N/A-StillEmployed,Active,IT/IS,Peter Monroe,7.0,LinkedIn,Fully Meets,4.3,5,7,2019-01-10,0,20,0.974674880219028,0.7693738935208537,3,3.3000000000000003,2.7,0,1,1,Solid Performers,2015,112018.5
"Gold, Shenice  ",10243,0,0,0,1,5,3,0,53018,0,19,Production Technician I,MA,2451,1992-06-18,F,Single,US Citizen,Yes,White,2013-11-11,,N/A-StillEmployed,Active,Production,Ketsia Liebig,19.0,Indeed,Fully Meets,4.3,5,0,2019-02-18,0,7,0.8678986995208761,0.8843180098530832,3,2.86,1.4000000000000001,0,1,1,Solid Performers,2013,79527.0
"Gonzalez, Cayo",10031,0,2,1,1,5,4,1,59892,0,19,Production Technician I,MA,2108,2069-09-29,M ,Divorced,US Citizen,No,Black or African American,2011-07-11,,N/A-StillEmployed,Active,Production,Brannon Miller,12.0,Diversity Job Fair,Exceeds,4.5,4,0,2019-02-18,0,1,0.8678986995208761,0.9989734476238421,4,3.98,1.6,0,1,1,Solid Performers,2011,89838.0
"Gonzalez, Juan",10300,1,1,1,5,5,1,1,68898,1,20,Production Technician II,MA,2128,2064-10-12,M ,Married,US Citizen,No,Black or African American,2010-04-26,2011-05-30,career change,Voluntarily Terminated,Production,Brannon Miller,12.0,Diversity Job Fair,PIP,3.0,3,0,2011-03-06,3,10,8.824093086926762,1.1491897514590843,1,0.8,5.0,1,0,0,Underpaid Overachievers,2010,103347.0
"Gonzalez, Maria",10101,0,3,0,1,3,3,0,61242,0,14,IT Support,MA,2472,1981-04-16,F,Separated,US Citizen,Yes,White,2015-01-05,,N/A-StillEmployed,Active,IT/IS,Peter Monroe,7.0,Employee Referral,Fully Meets,4.61,4,5,2019-01-28,0,11,0.9253935660506503,0.6309403712824774,3,3.28,2.4899999999999998,0,1,1,Solid Performers,2015,91863.0
"Good, Susan",10237,1,1,0,3,5,3,0,66825,0,20,Production Technician II,MA,1886,1986-05-25,F,Married,US Citizen,No,White,2014-05-12,,N/A-StillEmployed,Active,Production,David Stanley,14.0,LinkedIn,Fully Meets,4.6,3,0,2019-02-07,0,20,0.8980150581793293,1.1146129806562353,3,2.6,4.4,0,1,0,Underpaid Overachievers,2014,100237.5
"Gordon, David",10051,1,1,1,1,5,3,0,48285,0,19,Production Technician I,MA,2169,1979-05-21,M ,Married,US Citizen,No,White,2012-07-02,,N/A-StillEmployed,Active,Production,David Stanley,14.0,LinkedIn,Fully Meets,5.0,3,0,2019-01-14,0,2,0.9637234770704997,0.8053735543731586,3,2.96,2.2,0,1,1,Solid Performers,2012,72427.5
"Gosciminski, Phylicia  ",10218,0,3,0,3,5,3,0,66149,0,20,Production Technician II,MA,1824,1983-12-08,F,Separated,US Citizen,No,American Indian or Alaska Native,2013-09-30,,N/A-StillEmployed,Active,Production,Kissy Sullivan,20.0,Google Search,Fully Meets,4.4,5,0,2019-02-21,0,1,0.8596851471594799,1.1033375840992041,3,2.98,0.6999999999999996,0,1,1,Solid Performers,2013,99223.5
"Goyal, Roxana",10256,1,1,0,3,5,3,0,49256,0,19,Production Technician I,MA,1864,2074-10-09,F,Married,US Citizen,No,Asian,2013-08-19,,N/A-StillEmployed,Active,Production,Kissy Sullivan,20.0,LinkedIn,Fully Meets,4.1,5,0,2019-02-15,0,3,0.8761122518822724,0.8215694272383618,3,2.94,1.2000000000000004,0,1,1,Solid Performers,2013,73884.0
"Gray, Elijiah  ",10098,0,2,1,1,5,3,0,62957,0,18,Production Manager,MA,1752,1981-07-11,M ,Divorced,US Citizen,No,White,2015-06-02,,N/A-StillEmployed,Active,Production,Janet King,2.0,Employee Referral,Fully Meets,4.63,3,0,2019-01-04,0,2,0.9911019849418207,1.0500963624867132,3,2.96,2.5700000000000003,0,1,1,Solid Performers,2015,94435.5
"Gross, Paula",10059,0,2,0,5,5,3,0,63813,1,19,Production Technician I,MA,2176,1983-05-21,F,Divorced,US Citizen,No,White,2011-02-21,2014-01-11,more money,Voluntarily Terminated,Production,Kelley Spirea,18.0,CareerBuilder,Fully Meets,5.0,5,0,2013-06-03,0,17,6.579055441478439,1.0643740835707647,3,2.66,1.7,1,1,1,Solid Performers,2011,95719.5
"Gruber, Hans",10234,1,1,1,1,3,3,0,99020,0,4,BI Developer,MA,2134,1989-06-30,M ,Married,US Citizen,No,Black or African American,2017-04-20,,N/A-StillEmployed,Active,IT/IS,Brian Champaigne,13.0,Indeed,Fully Meets,4.2,5,5,2019-01-28,0,8,0.9253935660506503,1.0201449261028528,3,3.34,1.5999999999999999,0,1,1,Solid Performers,2017,148530.0
"Guilianno, Mike",10109,0,0,1,5,6,3,0,71707,1,3,Area Sales Manager,TN,37129,2069-02-09,M ,Single,US Citizen,No,Two or more races,2012-03-07,2014-10-31,relocation out of area,Voluntarily Terminated,Sales,John Smith,17.0,LinkedIn,Fully Meets,4.5,5,0,2013-02-01,0,20,6.913073237508556,1.0383100744126648,3,2.6,2.5,1,1,1,Solid Performers,2012,107560.5
"Handschiegl, Joanne",10125,1,1,0,1,5,3,0,54828,0,19,Production Technician I,MA,2127,1977-03-23,F,Married,US Citizen,No,White,2011-11-28,,N/A-StillEmployed,Active,Production,Michael Albert,22.0,Google Search,Fully Meets,4.2,4,0,2019-02-22,0,13,0.8569472963723477,0.9145080509303415,3,2.74,3.0999999999999996,0,1,1,Solid Performers,2011,82242.0
"Hankard, Earnest",10074,0,0,1,1,5,3,0,64246,0,20,Production Technician II,MA,2155,1988-08-10,M ,Single,US Citizen,Yes,White,2013-11-11,,N/A-StillEmployed,Active,Production,Kelley Spirea,18.0,LinkedIn,Fully Meets,5.0,3,0,2019-01-08,0,20,0.9801505817932923,1.0715963420163186,3,2.6,4.0,0,1,0,Underpaid Overachievers,2013,96369.0
"Harrington, Christie ",10097,0,0,0,5,5,3,0,52177,1,19,Production Technician I,MA,2324,2052-08-18,F,Single,US Citizen,No,White,2012-01-09,2015-12-15,retiring,Voluntarily Terminated,Production,Webster Butler,39.0,CareerBuilder,Fully Meets,4.64,4,0,2015-05-02,0,8,4.6680355920602326,0.8702904824796168,3,2.84,2.16,1,1,1,Solid Performers,2012,78265.5
"Harrison, Kara",10007,1,1,0,1,5,4,0,62065,0,19,Production Technician I,MA,1886,2074-05-02,F,Married,US Citizen,No,White,2014-05-12,,N/A-StillEmployed,Active,Production,Amy Dunn,11.0,CareerBuilder,Exceeds,4.76,4,0,2019-02-15,0,5,0.8761122518822724,1.0352181764972577,4,3.9,1.7400000000000002,0,1,1,Solid Performers,2014,93097.5
"Heitzman, Anthony",10129,0,0,1,1,5,3,0,46998,0,19,Production Technician I,MA,2149,1984-01-04,M ,Single,US Citizen,No,White,2012-08-13,,N/A-StillEmployed,Active,Production,Ketsia Liebig,19.0,Google Search,Fully Meets,4.17,4,0,2019-02-11,0,1,0.8870636550308009,0.7839069340049645,3,2.98,1.9300000000000002,0,1,1,Solid Performers,2012,70497.0
"Hendrickson, Trina",10075,0,0,0,5,5,3,0,68099,1,20,Production Technician II,MA,2021,2072-08-27,F,Single,US Citizen,No,White,2011-01-10,2013-06-18,hours,Voluntarily Terminated,Production,Kelley Spirea,18.0,CareerBuilder,Fully Meets,5.0,3,0,2013-01-30,0,15,6.91854893908282,1.1358627664752559,3,2.7,3.5,1,1,1,Solid Performers,2011,102148.5
"Hitchcock, Alfred",10167,1,1,1,1,6,3,0,70545,0,3,Area Sales Manager,NH,3062,1988-09-14,M ,Married,US Citizen,No,American Indian or Alaska Native,2014-08-18,,N/A-StillEmployed,Active,Sales,John Smith,17.0,Indeed,Fully Meets,3.6,5,0,2019-01-30,0,9,0.919917864476386,1.021484432474395,3,2.82,2.3,0,1,1,Solid Performers,2014,105817.5
"Homberger, Adrienne  J",10195,1,1,0,5,5,3,0,63478,1,20,Production Technician II,MA,2445,1984-02-16,F,Married,Non-Citizen,No,White,2011-08-15,2012-04-07,relocation out of area,Voluntarily Terminated,Production,Michael Albert,30.0,Indeed,Fully Meets,3.03,5,0,2012-03-05,0,16,7.824777549623546,1.058786424034366,3,2.68,3.5700000000000003,1,1,1,Solid Performers,2011,95217.0
"Horton, Jayne",10112,0,0,0,1,3,3,0,97999,0,8,Database Administrator,MA,2493,1984-02-21,F,Single,US Citizen,No,White,2015-03-30,,N/A-StillEmployed,Active,IT/IS,Simon Roup,4.0,Indeed,Fully Meets,4.48,5,6,2019-01-03,0,4,0.9938398357289527,1.0096261625242724,3,3.52,0.9199999999999996,0,1,1,Solid Performers,2015,146998.5
"Houlihan, Debra",10272,1,1,0,1,6,3,0,180000,0,11,Director of Sales,RI,2908,2066-03-17,F,Married,US Citizen,No,White,2014-05-05,,N/A-StillEmployed,Active,Sales,Janet King,2.0,LinkedIn,Fully Meets,4.5,4,0,2019-01-21,0,19,0.944558521560575,2.606381711608067,3,2.62,3.4,0,1,2,Disengaged Risk Group,2014,270000.0
"Howard, Estelle",10182,1,1,0,1,1,3,0,49920,1,2,Administrative Assistant,MA,2170,1985-09-16,F,Married,US Citizen,No,Black or African American,2015-02-16,2015-04-15,"no-call, no-show",Terminated for Cause,Admin Offices,Brandon R. LeBlanc,1.0,Indeed,Fully Meets,3.24,3,4,2015-04-15,0,6,4.714579055441479,0.6953431755676516,3,3.28,4.359999999999999,1,1,1,Solid Performers,2015,74880.0
"Hudson, Jane",10248,0,0,0,1,5,3,0,55425,0,19,Production Technician I,MA,2176,1986-06-10,F,Single,US Citizen,No,White,2012-02-20,,N/A-StillEmployed,Active,Production,Ketsia Liebig,19.0,LinkedIn,Fully Meets,4.8,4,0,2019-01-07,0,4,0.9828884325804244,0.924465760611625,3,2.92,1.6,0,1,1,Solid Performers,2012,83137.5
"Hunts, Julissa",10201,0,0,0,2,5,3,0,69340,0,20,Production Technician II,MA,2021,1984-03-11,F,Single,US Citizen,No,White,2016-06-06,,N/A-StillEmployed,Active,Production,Elijiah Gray,16.0,LinkedIn,Fully Meets,3.0,5,0,2019-01-18,0,4,0.9527720739219713,1.1565621261309893,3,2.92,2.4,0,1,1,Solid Performers,2016,104010.0
"Hutter, Rosalie",10214,0,3,0,2,5,3,0,64995,0,20,Production Technician II,MA,2351,1992-05-07,F,Separated,US Citizen,No,White,2015-06-05,,N/A-StillEmployed,Active,Production,Webster Butler,,Indeed,Fully Meets,4.5,3,0,2019-02-14,0,6,0.8788501026694046,1.0840893479648637,3,2.88,3.1,0,1,1,Solid Performers,2015,97492.5
"Huynh, Ming",10160,0,2,0,5,5,3,0,68182,1,20,Production Technician II,MA,1742,1976-09-22,F,Divorced,US Citizen,No,White,2011-02-21,2013-04-01,unhappy,Voluntarily Terminated,Production,Amy Dunn,11.0,Google Search,Fully Meets,3.72,3,0,2013-02-01,0,18,6.913073237508556,1.1372471716738262,3,2.64,5.08,1,1,0,Underpaid Overachievers,2011,102273.0
"Immediato, Walter",10289,1,1,1,5,5,2,0,83082,1,18,Production Manager,MA,2128,1976-11-15,M ,Married,US Citizen,No,Asian,2011-02-21,2012-09-24,unhappy,Voluntarily Terminated,Production,Janet King,2.0,Indeed,Needs Improvement,2.34,2,0,2012-04-12,3,4,7.7207392197125255,1.385772924188273,2,1.92,6.0600000000000005,1,0,0,Underpaid Overachievers,2011,124623.0
"Ivey, Rose ",10139,0,0,0,1,5,3,0,51908,0,19,Production Technician I,MA,1775,1991-01-28,F,Single,US Citizen,No,White,2013-08-19,,N/A-StillEmployed,Active,Production,Brannon Miller,12.0,Indeed,Fully Meets,3.99,3,0,2019-01-14,0,14,0.9637234770704997,0.8658036752697922,3,2.7199999999999998,4.41,0,1,0,Underpaid Overachievers,2013,77862.0
"Jackson, Maryellen",10227,0,0,0,1,5,3,0,61242,0,19,Production Technician I,MA,2081,2072-09-11,F,Single,US Citizen,No,Black or African American,2012-11-05,,N/A-StillEmployed,Active,Production,David Stanley,14.0,LinkedIn,Fully Meets,4.1,3,0,2019-01-17,0,7,0.9555099247091033,1.0214908815764934,3,2.86,3.6000000000000005,0,1,1,Solid Performers,2012,91863.0
"Jacobi, Hannah  ",10236,0,2,0,1,5,3,0,45069,0,19,Production Technician I,MA,1778,2066-03-22,F,Divorced,US Citizen,No,White,2013-09-30,,N/A-StillEmployed,Active,Production,Kissy Sullivan,20.0,Employee Referral,Fully Meets,4.3,5,0,2019-02-22,0,7,0.8569472963723477,0.7517320228237316,3,2.86,1.4000000000000001,0,1,1,Solid Performers,2013,67603.5
"Jeannite, Tayana",10009,0,2,0,1,5,4,0,60724,0,20,Production Technician II,MA,1821,1986-11-06,F,Divorced,US Citizen,No,American Indian or Alaska Native,2011-07-05,,N/A-StillEmployed,Active,Production,Ketsia Liebig,19.0,LinkedIn,Exceeds,4.6,4,0,2019-02-25,0,11,0.8487337440109514,1.0128508587709575,4,3.78,2.5000000000000004,0,1,1,Solid Performers,2011,91086.0
"Jhaveri, Sneha  ",10060,0,3,0,1,5,3,0,60436,0,19,Production Technician I,MA,2109,2064-04-13,F,Separated,US Citizen,No,White,2014-01-06,,N/A-StillEmployed,Active,Production,Kelley Spirea,18.0,LinkedIn,Fully Meets,5.0,5,0,2019-01-21,0,9,0.944558521560575,1.0080471395277253,3,2.82,0.9,0,1,1,Solid Performers,2014,90654.0
"Johnson, George",10034,1,1,1,5,5,4,0,46837,1,19,Production Technician I,MA,2445,2059-08-19,M ,Married,US Citizen,No,White,2011-11-07,2018-04-29,more money,Voluntarily Terminated,Production,Michael Albert,22.0,CareerBuilder,Exceeds,4.7,4,0,2018-02-14,0,9,1.8781656399726214,0.7812215215113519,4,3.82,2.1999999999999997,1,1,1,Solid Performers,2011,70255.5
"Johnson, Noelle ",10156,1,1,0,3,3,3,0,105700,0,8,Database Administrator,MA,2301,1986-11-07,F,Married,US Citizen,No,Asian,2015-01-05,,N/A-StillEmployed,Active,IT/IS,Simon Roup,4.0,Indeed,Fully Meets,3.75,3,5,2019-02-11,0,2,0.8870636550308009,1.0889650443251013,3,3.46,3.45,0,1,1,Solid Performers,2015,158550.0
"Johnston, Yen",10036,0,0,0,1,5,4,0,63322,0,20,Production Technician II,MA,2128,2069-09-08,F,Single,US Citizen,No,White,2014-07-07,,N/A-StillEmployed,Active,Production,Brannon Miller,12.0,LinkedIn,Exceeds,4.3,3,0,2019-01-11,0,1,0.971937029431896,1.0561844094442818,4,3.98,2.8000000000000003,0,1,1,Solid Performers,2014,94983.0
"Jung, Judy  ",10138,1,1,0,5,5,3,0,61154,1,19,Production Technician I,MA,2446,1986-04-17,F,Married,US Citizen,No,Black or African American,2011-01-10,2016-04-01,unhappy,Voluntarily Terminated,Production,Elijiah Gray,16.0,CareerBuilder,Fully Meets,4.0,4,0,2016-02-03,0,4,3.909650924024641,1.0200230784743944,3,2.92,2.4,1,1,1,Solid Performers,2011,91731.0
"Kampew, Donysha",10244,0,0,0,5,6,3,0,68999,1,21,Sales Manager,PA,19444,1989-11-11,F,Single,US Citizen,No,White,2011-11-07,2014-04-24,maternity leave - did not return,Voluntarily Terminated,Sales,Debra Houlihan,15.0,Google Search,Fully Meets,4.5,5,0,2013-03-30,0,2,6.757015742642026,0.9990985095513613,3,2.96,0.7,1,1,1,Solid Performers,2011,103498.5
"Keatts, Kramer ",10192,0,0,1,1,5,3,0,50482,0,19,Production Technician I,MA,1887,1976-01-19,M ,Single,US Citizen,No,White,2013-09-30,,N/A-StillEmployed,Active,Production,Michael Albert,22.0,Indeed,Fully Meets,3.07,4,0,2019-01-23,0,10,0.9390828199863107,0.8420185931835102,3,2.8,3.93,0,1,0,Underpaid Overachievers,2013,75723.0
"Khemmich, Bartholemew",10231,0,0,1,1,6,3,0,65310,0,3,Area Sales Manager,CO,80820,1979-11-27,M ,Single,US Citizen,No,White,2013-08-19,,N/A-StillEmployed,Active,Sales,Lynn Daneault,21.0,Indeed,Fully Meets,4.3,5,0,2019-01-22,0,13,0.9418206707734429,0.9456821643617938,3,2.74,2.0,0,1,1,Solid Performers,2013,97965.0
"King, Janet",10089,1,1,0,1,2,3,0,250000,0,16,President & CEO,MA,1902,2054-09-21,F,Married,US Citizen,Yes,White,2012-07-02,,N/A-StillEmployed,Active,Executive Office,Board of Directors,9.0,Indeed,Fully Meets,4.83,3,0,2019-01-17,0,10,0.9555099247091033,1.0,3,2.8,3.17,0,1,1,Solid Performers,2012,375000.0
"Kinsella, Kathleen  ",10166,1,1,0,5,5,3,0,54005,1,19,Production Technician I,MA,2170,2073-12-08,F,Married,US Citizen,No,White,2011-09-26,2015-06-04,more money,Voluntarily Terminated,Production,Webster Butler,39.0,Google Search,Fully Meets,3.6,5,0,2015-03-01,0,16,4.837782340862423,0.9007807560095771,3,2.68,3.0,1,1,1,Solid Performers,2011,81007.5
"Kirill, Alexandra  ",10170,1,1,0,5,5,3,0,45433,1,19,Production Technician I,MA,2127,2070-10-08,F,Married,US Citizen,No,White,2011-09-26,2014-01-09,more money,Voluntarily Terminated,Production,Amy Dunn,11.0,Google Search,Fully Meets,3.49,4,0,2013-01-30,0,6,6.91854893908282,0.7578033902005947,3,2.88,3.11,1,1,1,Solid Performers,2011,68149.5
"Knapp, Bradley  J",10208,0,0,1,1,5,3,0,46654,0,19,Production Technician I,MA,1721,1977-11-10,M ,Single,US Citizen,No,Black or African American,2014-02-17,,N/A-StillEmployed,Active,Production,Ketsia Liebig,19.0,LinkedIn,Fully Meets,3.1,3,0,2019-02-06,0,3,0.9007529089664613,0.7781691582422148,3,2.94,4.2,0,1,0,Underpaid Overachievers,2014,69981.0
"Kretschmer, John",10176,1,1,1,1,5,3,0,63973,0,19,Production Technician I,MA,1801,1980-02-02,M ,Married,US Citizen,No,Asian,2011-01-10,,N/A-StillEmployed,Active,Production,Brannon Miller,12.0,Indeed,Fully Meets,3.38,3,0,2019-01-21,0,17,0.944558521560575,1.0670428164836714,3,2.66,5.32,0,1,0,Underpaid Overachievers,2011,95959.5
"Kreuger, Freddy",10165,0,0,1,1,6,3,1,71339,0,3,Area Sales Manager,NY,10171,2069-02-24,M ,Single,US Citizen,Yes,Black or African American,2011-03-07,,N/A-StillEmployed,Active,Sales,John Smith,17.0,Diversity Job Fair,Fully Meets,3.65,5,0,2019-01-17,0,20,0.9555099247091033,1.032981471802266,3,2.6,3.35,0,1,1,Solid Performers,2011,107008.5
"Lajiri,  Jyoti",10113,1,1,1,3,3,3,0,93206,0,28,Sr. Network Engineer,MA,2169,1986-04-23,M ,Married,US Citizen,No,White,2014-11-10,,N/A-StillEmployed,Active,IT/IS,Peter Monroe,7.0,Employee Referral,Fully Meets,4.46,5,6,2019-01-07,0,7,0.9828884325804244,0.9602466974585183,3,3.46,1.24,0,1,1,Solid Performers,2014,139809.0
"Landa, Hans",10092,1,1,1,4,5,3,0,82758,1,18,Production Manager,MA,1890,2072-07-01,M ,Married,US Citizen,No,White,2011-01-10,2015-12-12,attendance,Terminated for Cause,Production,Janet King,2.0,Employee Referral,Fully Meets,4.78,4,0,2015-02-15,0,9,4.876112251882272,1.3803687400396367,3,2.82,2.1199999999999997,1,1,1,Solid Performers,2011,124137.0
"Langford, Lindsey",10106,0,2,0,5,5,3,0,66074,1,20,Production Technician II,MA,2090,1979-07-25,F,Divorced,US Citizen,No,Asian,2013-01-07,2014-03-31,Another position,Voluntarily Terminated,Production,David Stanley,14.0,Indeed,Fully Meets,4.52,3,0,2014-02-20,0,20,5.861738535249829,1.102086615546279,3,2.6,4.48,1,1,0,Underpaid Overachievers,2013,99111.0
"Langton, Enrico",10052,1,1,1,1,5,3,0,46120,0,19,Production Technician I,MA,2048,1986-12-09,M ,Married,US Citizen,No,White,2012-07-09,,N/A-StillEmployed,Active,Production,David Stanley,14.0,LinkedIn,Fully Meets,5.0,5,0,2019-02-04,0,13,0.9062286105407256,0.7692622621453883,3,2.74,1.3,0,1,1,Solid Performers,2012,69180.0
"LaRotonda, William  ",10038,0,2,1,1,1,3,0,64520,0,1,Accountant I,MA,1460,1984-04-26,M ,Divorced,US Citizen,No,Black or African American,2014-01-06,,N/A-StillEmployed,Active,Admin Offices,Brandon R. LeBlanc,1.0,Website,Fully Meets,5.0,4,4,2019-01-17,0,3,0.9555099247091033,0.8987087677809471,3,3.34,1.3,0,1,1,Solid Performers,2014,96780.0
"Latif, Mohammed",10249,1,1,1,5,5,3,0,61962,1,20,Production Technician II,MA,2126,1984-05-09,M ,Married,US Citizen,No,White,2012-04-02,2013-04-15,more money,Voluntarily Terminated,Production,Kissy Sullivan,20.0,Google Search,Fully Meets,4.9,3,0,2013-02-20,0,20,6.861054072553046,1.033500179684574,3,2.6,4.1,1,1,0,Underpaid Overachievers,2012,92943.0
"Le, Binh",10232,0,0,0,1,3,3,0,81584,0,22,Senior BI Developer,MA,1886,1987-06-14,F,Single,US Citizen,No,Asian,2016-10-02,,N/A-StillEmployed,Active,IT/IS,Brian Champaigne,13.0,Indeed,Fully Meets,4.1,5,7,2019-01-08,0,2,0.9801505817932923,0.8405120546472948,3,3.66,1.1000000000000003,0,1,1,Solid Performers,2016,122376.0
"Leach, Dallas",10087,0,0,0,5,5,3,0,63676,1,19,Production Technician I,MA,1810,1979-01-17,F,Single,US Citizen,No,Asian,2011-09-26,2018-08-19,return to school,Voluntarily Terminated,Production,Kissy Sullivan,20.0,CareerBuilder,Fully Meets,4.88,3,0,2017-07-02,0,17,2.4996577686516086,1.062088981014088,3,2.66,3.8200000000000003,1,1,0,Underpaid Overachievers,2011,95514.0
"LeBlanc, Brandon  R",10134,1,1,1,1,1,3,0,93046,0,23,Shared Services Manager,MA,1460,1984-06-10,M ,Married,US Citizen,No,White,2016-01-05,,N/A-StillEmployed,Active,Admin Offices,Janet King,2.0,CareerBuilder,Fully Meets,4.1,4,0,2019-01-28,0,20,0.9253935660506503,1.2960517050053626,3,2.6,3.9000000000000004,0,1,0,Underpaid Overachievers,2016,139569.0
"Lecter, Hannibal",10251,1,1,1,1,5,3,0,64738,0,19,Production Technician I,MA,1776,1982-09-02,M ,Married,US Citizen,No,Asian,2012-05-14,,N/A-StillEmployed,Active,Production,Elijiah Gray,16.0,Google Search,Fully Meets,4.1,3,0,2019-02-22,0,10,0.8569472963723477,1.0798026957235072,3,2.8,3.9000000000000004,0,1,0,Underpaid Overachievers,2012,97107.0
"Leruth, Giovanni",10103,0,3,1,1,6,3,0,70468,0,3,Area Sales Manager,UT,84111,1988-12-27,M ,Separated,US Citizen,No,Black or African American,2012-04-30,,N/A-StillEmployed,Active,Sales,John Smith,17.0,Website,Fully Meets,4.53,3,0,2019-01-29,0,16,0.9226557152635181,1.0203694802977628,3,2.68,4.07,0,1,0,Underpaid Overachievers,2012,105702.0
"Liebig, Ketsia",10017,1,1,0,1,5,4,0,77915,0,18,Production Manager,MA,2110,1981-10-26,F,Married,US Citizen,No,White,2013-09-30,,N/A-StillEmployed,Active,Production,Janet King,2.0,Website,Exceeds,4.1,3,0,2019-01-21,0,11,0.944558521560575,1.2995895306820886,4,3.78,4.0,0,1,1,Solid Performers,2013,116872.5
"Linares, Marilyn ",10186,1,1,0,5,5,3,0,52624,1,19,Production Technician I,MA,1886,1981-03-26,F,Married,US Citizen,No,White,2011-07-05,2018-09-26,unhappy,Voluntarily Terminated,Production,Michael Albert,22.0,Indeed,Fully Meets,3.18,4,0,2018-03-02,0,16,1.834360027378508,0.8777462550550502,3,2.68,4.42,1,1,0,Underpaid Overachievers,2011,78936.0
"Linden, Mathew",10137,1,1,1,3,5,3,0,63450,0,20,Production Technician II,MA,1770,1979-03-19,M ,Married,US Citizen,No,White,2013-07-08,,N/A-StillEmployed,Active,Production,Kelley Spirea,18.0,LinkedIn,Fully Meets,4.0,3,0,2019-02-18,0,7,0.8678986995208761,1.0583193957746073,3,2.86,3.7,0,1,1,Solid Performers,2013,95175.0
"Lindsay, Leonara ",10008,0,0,0,1,3,4,1,51777,0,14,IT Support,CT,6070,1988-10-05,F,Single,US Citizen,Yes,Black or African American,2011-01-21,,N/A-StillEmployed,Active,IT/IS,Eric Dougall,6.0,Diversity Job Fair,Exceeds,4.64,4,5,2019-01-25,0,14,0.9336071184120466,0.5334280331127793,4,4.22,2.7600000000000002,0,1,1,Solid Performers,2011,77665.5
"Lundy, Susan",10096,0,4,0,5,5,3,0,67237,1,20,Production Technician II,MA,2122,1976-12-26,F,Widowed,US Citizen,No,White,2013-07-08,2016-09-15,more money,Voluntarily Terminated,Production,Michael Albert,22.0,LinkedIn,Fully Meets,4.65,4,0,2016-06-10,0,15,3.5592060232717317,1.1214849679069703,3,2.7,2.8499999999999996,1,1,1,Solid Performers,2013,100855.5
"Lunquist, Lisa",10035,0,0,0,1,5,4,0,73330,0,20,Production Technician II,MA,2324,1982-03-28,F,Single,US Citizen,No,Black or African American,2013-08-19,,N/A-StillEmployed,Active,Production,Elijiah Gray,16.0,Indeed,Exceeds,4.2,4,0,2019-02-12,0,19,0.8843258042436687,1.223113653146603,4,3.62,3.6999999999999997,0,1,1,Solid Performers,2013,109995.0
"Lydon, Allison",10057,1,1,0,3,5,3,0,52057,0,19,Production Technician I,MA,2122,2075-10-22,F,Married,US Citizen,No,Black or African American,2015-02-16,,N/A-StillEmployed,Active,Production,Elijiah Gray,16.0,Website,Fully Meets,5.0,3,0,2019-01-23,0,6,0.9390828199863107,0.8682889327949367,3,2.88,2.6,0,1,1,Solid Performers,2015,78085.5
"Lynch, Lindsay",10004,0,0,0,5,5,4,1,47434,1,19,Production Technician I,MA,1844,2073-02-14,F,Single,US Citizen,Yes,Black or African American,2011-11-07,2015-11-14,Another position,Voluntarily Terminated,Production,Webster Butler,39.0,Diversity Job Fair,Exceeds,5.0,4,0,2015-02-02,0,17,4.91170431211499,0.7911792311926354,4,3.66,2.7,1,1,1,Solid Performers,2011,71151.0
"MacLennan, Samuel",10191,0,4,1,5,5,3,0,52788,1,19,Production Technician I,MA,1938,2072-11-09,M ,Widowed,US Citizen,No,White,2012-09-24,2017-09-26,hours,Voluntarily Terminated,Production,Amy Dunn,11.0,Indeed,Fully Meets,3.08,4,0,2017-04-01,0,18,2.751540041067762,0.8804817062907797,3,2.64,4.72,1,1,0,Underpaid Overachievers,2012,79182.0
"Mahoney, Lauren  ",10219,0,0,0,1,5,3,0,45395,0,19,Production Technician I,MA,2189,1986-07-07,F,Single,US Citizen,No,White,2014-01-06,,N/A-StillEmployed,Active,Production,Ketsia Liebig,19.0,LinkedIn,Fully Meets,4.6,4,0,2019-02-26,0,14,0.8459958932238193,0.7571695661337793,3,2.7199999999999998,2.8000000000000003,0,1,1,Solid Performers,2014,68092.5
"Manchester, Robyn",10077,1,1,0,2,5,3,0,62385,0,20,Production Technician II,MA,2324,1976-08-25,F,Married,US Citizen,No,White,2016-05-11,,N/A-StillEmployed,Active,Production,Webster Butler,,LinkedIn,Fully Meets,5.0,3,0,2019-01-21,0,4,0.944558521560575,1.0405556423230713,3,2.92,2.4,0,1,1,Solid Performers,2016,93577.5
"Mancuso, Karen",10073,1,1,0,5,5,3,0,68407,1,20,Production Technician II,MA,2176,1986-12-10,F,Married,US Citizen,No,Two or more races,2011-07-05,2012-08-19,Another position,Voluntarily Terminated,Production,Amy Dunn,11.0,LinkedIn,Fully Meets,5.0,4,0,2012-07-02,0,16,7.498973305954825,1.1410000773326014,3,2.68,2.6,1,1,1,Solid Performers,2011,102610.5
"Mangal, Debbie",10279,1,1,0,1,5,3,0,61349,0,19,Production Technician I,MA,2451,2074-11-07,F,Married,US Citizen,No,White,2013-11-11,,N/A-StillEmployed,Active,Production,Brannon Miller,12.0,LinkedIn,Fully Meets,4.1,3,0,2019-01-22,0,11,0.9418206707734429,1.0232755967119997,3,2.78,4.0,0,1,0,Underpaid Overachievers,2013,92023.5
"Martin, Sandra",10110,0,0,0,1,4,3,0,105688,0,24,Software Engineer,MA,2135,1987-11-07,F,Single,US Citizen,No,Asian,2013-11-11,,N/A-StillEmployed,Active,Software Engineering,Alex Sweetwater,10.0,Google Search,Fully Meets,4.5,5,4,2019-01-14,0,14,0.9637234770704997,1.112628770274978,3,3.12,1.9,0,1,1,Solid Performers,2013,158532.0
"Maurice, Shana",10053,1,1,0,1,5,3,0,54132,0,19,Production Technician I,MA,2330,1977-11-22,F,Married,US Citizen,No,White,2011-05-31,,N/A-StillEmployed,Active,Production,David Stanley,14.0,Indeed,Fully Meets,5.0,4,0,2019-01-10,0,8,0.974674880219028,0.9028990627591968,3,2.84,1.8,0,1,1,Solid Performers,2011,81198.0
"Carthy, B'rigit",10076,0,0,0,1,5,3,0,55315,0,20,Production Technician II,MA,2149,1987-05-21,F,Single,US Citizen,No,Black or African American,2015-03-30,,N/A-StillEmployed,Active,Production,Ketsia Liebig,19.0,LinkedIn,Fully Meets,5.0,5,0,2019-02-07,0,16,0.8980150581793293,0.9226310067340016,3,2.68,1.6,0,1,1,Solid Performers,2015,82972.5
"Mckenna, Sandy",10145,1,1,0,1,5,3,0,62810,0,19,Production Technician I,MA,2184,1987-01-07,F,Married,US Citizen,No,Black or African American,2013-01-07,,N/A-StillEmployed,Active,Production,Kissy Sullivan,20.0,CareerBuilder,Fully Meets,3.93,3,0,2019-01-30,0,20,0.919917864476386,1.04764446412298,3,2.6,5.07,0,1,0,Underpaid Overachievers,2013,94215.0
"McKinzie, Jac",10202,1,1,1,2,6,3,0,63291,0,3,Area Sales Manager,TX,78789,1984-07-01,M ,Married,US Citizen,No,Two or more races,2016-07-06,,N/A-StillEmployed,Active,Sales,Lynn Daneault,21.0,Website,Fully Meets,3.4,4,0,2019-01-29,0,7,0.9226557152635181,0.9164472494965898,3,2.86,3.3,0,1,1,Solid Performers,2016,94936.5
"Meads, Elizabeth",10128,0,0,0,5,5,3,1,62659,1,19,Production Technician I,MA,1760,2068-05-30,F,Single,US Citizen,No,Black or African American,2012-04-02,2016-11-11,Another position,Voluntarily Terminated,Production,Kelley Spirea,18.0,Diversity Job Fair,Fully Meets,4.18,4,0,2016-02-05,0,17,3.9041752224503763,1.0451258474364242,3,2.66,3.5200000000000005,1,1,1,Solid Performers,2012,93988.5
"Medeiros, Jennifer",10068,0,0,0,1,5,3,0,55688,0,19,Production Technician I,MA,2346,1976-09-22,F,Single,US Citizen,No,White,2015-03-30,,N/A-StillEmployed,Active,Production,Michael Albert,22.0,CareerBuilder,Fully Meets,5.0,4,0,2019-01-21,0,10,0.944558521560575,0.9288524903372156,3,2.8,2.0,0,1,1,Solid Performers,2015,83532.0
"Miller, Brannon",10116,0,0,1,1,5,3,0,83667,0,18,Production Manager,MA,2045,1981-08-10,M ,Single,US Citizen,yes,Hispanic,2012-08-16,,N/A-StillEmployed,Active,Production,Janet King,2.0,Indeed,Fully Meets,4.37,3,0,2019-01-14,0,2,0.9637234770704997,1.3955304789010885,3,2.96,2.83,0,1,1,Solid Performers,2012,125500.5
"Miller, Ned",10298,0,0,1,5,5,1,0,55800,1,20,Production Technician II,MA,2472,1985-06-29,M ,Single,US Citizen,No,White,2011-08-15,2014-09-04,unhappy,Voluntarily Terminated,Production,Brannon Miller,12.0,LinkedIn,PIP,3.0,2,0,2013-01-14,6,6,6.962354551676934,0.9307206033762504,1,0.88,5.6,1,0,0,Underpaid Overachievers,2011,83700.0
"Monkfish, Erasumus",10213,1,1,1,1,5,3,0,58207,0,20,Production Technician II,MA,1450,1992-08-17,M ,Married,US Citizen,No,White,2011-11-07,,N/A-StillEmployed,Active,Production,David Stanley,14.0,LinkedIn,Fully Meets,3.7,3,0,2019-01-08,0,14,0.9801505817932923,0.9708683541347922,3,2.7199999999999998,4.699999999999999,0,1,0,Underpaid Overachievers,2011,87310.5
"Monroe, Peter",10288,1,1,1,1,3,2,1,157000,0,13,IT Manager - Infra,MA,2134,1986-10-05,M ,Married,Eligible NonCitizen,Yes,Black or African American,2012-02-15,,N/A-StillEmployed,Active,IT/IS,Jennifer Zamora,5.0,Diversity Job Fair,Needs Improvement,2.39,3,6,2019-02-22,4,13,0.8569472963723477,1.6174788264809925,2,2.34,5.909999999999999,0,0,0,Underpaid Overachievers,2012,235500.0
"Monterro, Luisa",10025,0,0,0,1,5,4,0,72460,0,20,Production Technician II,MA,2126,2070-04-24,F,Single,US Citizen,No,Black or African American,2013-05-13,,N/A-StillEmployed,Active,Production,Kissy Sullivan,20.0,Indeed,Exceeds,4.7,3,0,2019-01-14,0,1,0.9637234770704997,1.208602417932672,4,3.98,2.4,0,1,1,Solid Performers,2013,108690.0
"Moran, Patrick",10223,0,0,1,3,5,3,1,72106,0,20,Production Technician II,MA,2127,1976-12-03,M ,Single,US Citizen,No,Black or African American,2012-01-09,,N/A-StillEmployed,Active,Production,Kelley Spirea,18.0,Diversity Job Fair,Fully Meets,4.1,4,0,2019-01-31,0,12,0.917180013689254,1.2026978463628657,3,2.76,3.1000000000000005,0,1,1,Solid Performers,2012,108159.0
"Morway, Tanya",10151,1,1,0,1,3,3,0,52599,0,15,Network Engineer,MA,2048,1979-04-04,F,Married,US Citizen,No,White,2015-02-16,,N/A-StillEmployed,Active,IT/IS,Peter Monroe,7.0,CareerBuilder,Fully Meets,3.81,3,6,2019-02-11,0,6,0.8870636550308009,0.5418966165227626,3,3.48,3.79,0,1,1,Solid Performers,2015,78898.5
"Motlagh,  Dawn",10254,0,2,0,1,5,3,0,63430,0,19,Production Technician I,MA,2453,1984-07-07,F,Divorced,US Citizen,No,White,2013-04-01,,N/A-StillEmployed,Active,Production,Elijiah Gray,16.0,LinkedIn,Fully Meets,4.4,4,0,2019-01-17,0,18,0.9555099247091033,1.057985804160494,3,2.64,3.3999999999999995,0,1,1,Solid Performers,2013,95145.0
"Moumanil, Maliki ",10120,0,3,1,1,5,3,0,74417,0,20,Production Technician II,MA,1460,2074-12-01,M ,Separated,US Citizen,No,Black or African American,2013-05-13,,N/A-StillEmployed,Active,Production,Michael Albert,22.0,LinkedIn,Fully Meets,4.29,5,0,2019-01-28,0,11,0.9253935660506503,1.2412443573736636,3,2.78,1.81,0,1,1,Solid Performers,2013,111625.5
"Myers, Michael",10216,0,0,1,1,5,3,0,57575,0,19,Production Technician I,MA,1550,1980-04-18,M ,Single,US Citizen,No,Asian,2013-07-08,,N/A-StillEmployed,Active,Production,Kissy Sullivan,20.0,LinkedIn,Fully Meets,4.1,4,0,2019-01-22,0,13,0.9418206707734429,0.9603268591288103,3,2.74,3.2,0,1,1,Solid Performers,2013,86362.5
"Navathe, Kurt",10079,0,0,1,1,3,3,0,87921,0,22,Senior BI Developer,MA,2056,2070-04-25,M ,Single,US Citizen,No,Asian,2017-02-10,,N/A-StillEmployed,Active,IT/IS,Brian Champaigne,13.0,Indeed,Fully Meets,5.0,3,6,2019-02-25,0,17,0.8487337440109514,0.9057984452422633,3,3.2600000000000002,3.7,0,1,1,Solid Performers,2017,131881.5
"Ndzi, Colombui",10215,0,0,1,5,5,3,1,50470,1,19,Production Technician I,MA,2110,1989-05-02,M ,Single,US Citizen,No,Black or African American,2011-09-26,2014-04-04,return to school,Voluntarily Terminated,Production,Webster Butler,39.0,Diversity Job Fair,Fully Meets,4.3,3,0,2013-03-02,0,19,6.833675564681725,0.8418184382150422,3,2.62,4.6,1,1,0,Underpaid Overachievers,2011,75705.0
"Ndzi, Horia",10185,1,1,1,5,5,3,0,46664,1,19,Production Technician I,MA,2421,1983-03-28,M ,Married,US Citizen,No,White,2013-04-01,2016-05-25,more money,Voluntarily Terminated,Production,Amy Dunn,11.0,Employee Referral,Fully Meets,3.18,3,0,2016-03-06,0,10,3.8220396988364134,0.7783359540492715,3,2.8,4.82,1,1,0,Underpaid Overachievers,2013,69996.0
"Newman, Richard ",10063,1,1,1,3,5,3,0,48495,0,19,Production Technician I,MA,2136,1977-04-08,M ,Married,US Citizen,No,White,2014-05-12,,N/A-StillEmployed,Active,Production,Ketsia Liebig,19.0,LinkedIn,Fully Meets,5.0,5,0,2019-02-18,0,11,0.8678986995208761,0.8088762663213488,3,2.78,1.1,0,1,1,Solid Performers,2014,72742.5
"Ngodup, Shari ",10037,0,3,0,1,5,4,1,52984,0,19,Production Technician I,MA,1810,2067-06-03,F,Separated,US Citizen,No,Black or African American,2013-04-01,,N/A-StillEmployed,Active,Production,Brannon Miller,12.0,Diversity Job Fair,Exceeds,4.0,3,0,2019-02-13,0,12,0.8815879534565366,0.8837509041090905,4,3.76,4.2,0,1,1,Solid Performers,2013,79476.0
"Nguyen, Dheepa",10042,0,0,0,1,6,3,0,63695,0,3,Area Sales Manager,GA,30428,1989-03-31,F,Single,US Citizen,No,Two or more races,2013-07-08,,N/A-StillEmployed,Active,Sales,Lynn Daneault,21.0,Indeed,Fully Meets,5.0,5,0,2019-01-25,0,2,0.9336071184120466,0.9222971284493102,3,2.96,0.2,0,1,1,Solid Performers,2013,95542.5
"Nguyen, Lei-Ming",10206,0,0,0,1,5,3,0,62061,0,19,Production Technician I,MA,2132,1984-07-07,F,Single,US Citizen,No,White,2013-07-08,,N/A-StillEmployed,Active,Production,David Stanley,14.0,LinkedIn,Fully Meets,3.6,5,0,2019-01-02,0,4,0.9965776865160849,1.035151458174435,3,2.92,1.7999999999999998,0,1,1,Solid Performers,2013,93091.5
"Nowlan, Kristie",10104,0,0,0,1,5,3,0,66738,0,20,Production Technician II,MA,1040,1985-11-23,F,Single,US Citizen,No,White,2014-11-10,,N/A-StillEmployed,Active,Production,Elijiah Gray,16.0,Indeed,Fully Meets,4.53,5,0,2019-01-16,0,5,0.9582477754962354,1.1131618571348423,3,2.9,0.9699999999999998,0,1,1,Solid Performers,2014,100107.0
"O'hare, Lynn",10303,0,0,0,4,5,1,0,52674,1,19,Production Technician I,MA,2152,1980-09-30,F,Single,US Citizen,No,Two or more races,2014-03-31,2018-05-01,performance,Terminated for Cause,Production,Kissy Sullivan,20.0,LinkedIn,PIP,2.33,2,0,2018-03-09,6,3,1.8151950718685832,0.8785802340903336,1,0.94,5.97,1,0,0,Underpaid Overachievers,2014,79011.0
"Oliver, Brooke ",10078,1,1,0,5,5,3,0,71966,1,20,Production Technician II,MA,2492,2052-02-11,F,Married,US Citizen,No,Asian,2012-05-14,2013-08-19,unhappy,Voluntarily Terminated,Production,Webster Butler,39.0,LinkedIn,Fully Meets,5.0,3,0,2013-07-02,0,17,6.499657768651608,1.2003627050640724,3,2.66,3.7,1,1,0,Underpaid Overachievers,2012,107949.0
"Onque, Jasmine",10121,0,0,0,1,6,3,0,63051,0,3,Area Sales Manager,FL,33174,1990-05-11,F,Single,US Citizen,Yes,White,2013-09-30,,N/A-StillEmployed,Active,Sales,Lynn Daneault,21.0,Indeed,Fully Meets,4.28,3,0,2019-01-25,0,1,0.9336071184120466,0.9129720738811125,3,2.98,2.82,0,1,1,Solid Performers,2013,94576.5
"Osturnka, Adeel",10021,1,1,1,1,5,4,0,47414,0,19,Production Technician I,MA,2478,1976-12-11,M ,Married,US Citizen,No,White,2013-09-30,,N/A-StillEmployed,Active,Production,Kelley Spirea,18.0,LinkedIn,Exceeds,5.0,3,0,2019-02-07,0,13,0.8980150581793293,0.7908456395785222,4,3.74,3.3,0,1,1,Solid Performers,2013,71121.0
"Owad, Clinton",10281,0,0,1,1,5,2,0,53060,0,19,Production Technician I,MA,1760,1979-11-24,M ,Single,US Citizen,No,Black or African American,2014-02-17,,N/A-StillEmployed,Active,Production,Michael Albert,22.0,LinkedIn,Needs Improvement,4.25,3,0,2019-02-04,4,6,0.9062286105407256,0.8850185522427212,2,1.88,3.35,0,0,0,Underpaid Overachievers,2014,79590.0
"Ozark, Travis",10041,0,0,1,1,6,3,0,68829,0,3,Area Sales Manager,NC,27229,1982-05-19,M ,Single,US Citizen,No,White,2015-01-05,,N/A-StillEmployed,Active,Sales,John Smith,17.0,Website,Fully Meets,5.0,5,0,2019-01-14,0,18,0.9637234770704997,0.9966369268237314,3,2.64,1.8,0,1,1,Solid Performers,2015,103243.5
"Panjwani, Nina",10148,1,1,0,5,5,3,0,63515,1,19,Production Technician I,MA,2351,1979-05-01,F,Married,US Citizen,No,White,2011-02-07,2014-01-12,Another position,Voluntarily Terminated,Production,Elijiah Gray,16.0,Google Search,Fully Meets,3.89,4,0,2013-03-04,0,7,6.828199863107461,1.0594035685204757,3,2.86,2.8099999999999996,1,1,1,Solid Performers,2011,95272.5
"Patronick, Lucas",10005,0,0,1,5,4,4,1,108987,1,24,Software Engineer,MA,1844,1979-02-20,M ,Single,US Citizen,No,Black or African American,2011-11-07,2015-09-07,Another position,Voluntarily Terminated,Software Engineering,Alex Sweetwater,10.0,Diversity Job Fair,Exceeds,5.0,5,3,2015-08-16,0,13,4.37782340862423,1.1473589412796061,4,4.04,1.3,1,1,1,Solid Performers,2011,163480.5
"Pearson, Randall",10259,1,1,1,5,3,3,0,93093,1,9,Data Analyst,MA,2747,1984-09-05,M ,Married,US Citizen,No,White,2014-12-01,2016-05-01,performance,Voluntarily Terminated,IT/IS,Simon Roup,4.0,Employee Referral,Fully Meets,4.7,4,5,2016-01-16,0,19,3.9589322381930185,0.9590825247999684,3,3.12,3.1999999999999997,1,1,1,Solid Performers,2014,139639.5
"Smith, Martin",10286,0,0,1,5,5,2,0,53564,1,19,Production Technician I,MA,2458,1988-03-17,M ,Single,US Citizen,No,Black or African American,2011-01-10,2017-12-28,career change,Voluntarily Terminated,Production,Webster Butler,39.0,Google Search,Needs Improvement,3.54,5,0,2017-04-06,4,15,2.737850787132101,0.8934250609183777,2,1.7,2.96,1,0,0,Underpaid Overachievers,2011,80346.0
"Pelletier, Ermine",10297,1,1,0,5,5,2,0,60270,1,20,Production Technician II,MA,2472,1989-07-18,F,Married,US Citizen,No,Asian,2011-07-05,2015-09-15,unhappy,Voluntarily Terminated,Production,Amy Dunn,11.0,CareerBuilder,Needs Improvement,2.4,5,0,2015-02-06,5,2,4.900752908966461,1.0052783291305845,2,1.96,2.8000000000000003,1,0,0,Underpaid Overachievers,2011,90405.0
"Perry, Shakira",10171,0,0,0,5,5,3,0,45998,1,19,Production Technician I,MA,2176,1986-07-20,F,Single,US Citizen,No,White,2011-05-16,2015-10-25,medical issues,Voluntarily Terminated,Production,Amy Dunn,11.0,LinkedIn,Fully Meets,3.45,4,0,2014-05-13,0,5,5.637234770704997,0.7672273532992968,3,2.9,3.05,1,1,1,Solid Performers,2011,68997.0
"Peters, Lauren",10032,1,1,0,5,5,4,0,57954,1,20,Production Technician II,MA,1886,1986-08-17,F,Married,US Citizen,No,White,2011-05-16,2013-02-04,more money,Voluntarily Terminated,Production,Ketsia Liebig,19.0,Indeed,Exceeds,4.2,5,0,2013-01-10,0,12,6.973305954825462,0.9666484202162583,4,3.76,1.9999999999999998,1,1,1,Solid Performers,2011,86931.0
"Peterson, Ebonee  ",10130,1,1,0,5,5,3,0,74669,1,18,Production Manager,MA,2030,1977-05-09,F,Married,US Citizen,No,White,2010-10-25,2016-05-18,Another position,Voluntarily Terminated,Production,Janet King,2.0,Indeed,Fully Meets,4.16,5,0,2015-03-05,0,6,4.826830937713894,1.2454476117114917,3,2.88,1.44,1,1,1,Solid Performers,2010,112003.5
"Petingill, Shana  ",10217,1,1,0,1,5,3,0,74226,0,20,Production Technician II,MA,2050,1979-03-10,F,Married,Eligible NonCitizen,No,Asian,2012-04-02,,N/A-StillEmployed,Active,Production,Brannon Miller,12.0,LinkedIn,Fully Meets,4.3,3,0,2019-01-14,0,14,0.9637234770704997,1.238058557458881,3,2.7199999999999998,4.1,0,1,0,Underpaid Overachievers,2012,111339.0
"Petrowsky, Thelma",10016,1,1,0,1,3,4,0,93554,0,9,Data Analyst,MA,1886,1984-09-16,F,Married,US Citizen,No,Black or African American,2014-11-10,,N/A-StillEmployed,Active,IT/IS,Simon Roup,4.0,Employee Referral,Exceeds,4.6,5,7,2019-01-04,0,16,0.9911019849418207,0.9638319371503361,4,4.38,2.0000000000000004,0,1,1,Solid Performers,2014,140331.0
"Pham, Hong",10050,1,1,1,5,5,3,0,64724,1,19,Production Technician I,MA,2451,1988-03-06,M ,Married,US Citizen,No,Asian,2011-07-05,2012-11-30,more money,Voluntarily Terminated,Production,Brannon Miller,12.0,Google Search,Fully Meets,5.0,3,0,2012-02-20,0,13,7.863107460643395,1.0795691815936277,3,2.74,3.3,1,1,1,Solid Performers,2011,97086.0
"Pitt, Brad ",10164,0,0,1,1,5,3,0,47001,0,19,Production Technician I,MA,2451,1981-11-23,M ,Single,US Citizen,No,White,2007-11-05,,N/A-StillEmployed,Active,Production,David Stanley,14.0,Google Search,Fully Meets,3.66,3,0,2019-02-25,0,15,0.8487337440109514,0.7839569727470814,3,2.7,4.84,0,1,0,Underpaid Overachievers,2007,70501.5
"Potts, Xana",10124,1,1,0,1,6,3,0,61844,0,3,Area Sales Manager,KY,40220,1988-08-29,F,Married,US Citizen,No,Black or African American,2012-01-09,,N/A-StillEmployed,Active,Sales,Lynn Daneault,21.0,Website,Fully Meets,4.2,5,0,2019-02-01,0,9,0.9144421629021219,0.8954948365149406,3,2.82,1.6999999999999997,0,1,1,Solid Performers,2012,92766.0
"Power, Morissa",10187,0,2,0,5,5,3,0,46799,1,19,Production Technician I,MA,1742,1984-10-15,F,Divorced,Eligible NonCitizen,No,Asian,2011-05-16,2018-06-04,Another position,Voluntarily Terminated,Production,Kissy Sullivan,20.0,Google Search,Fully Meets,3.17,4,0,2018-04-02,0,14,1.7494866529774127,0.7805876974445366,3,2.7199999999999998,4.23,1,1,0,Underpaid Overachievers,2011,70198.5
"Punjabhi, Louis  ",10225,0,0,1,1,5,3,0,59472,0,19,Production Technician I,MA,2109,2061-06-19,M ,Single,US Citizen,No,White,2014-01-06,,N/A-StillEmployed,Active,Production,Kelley Spirea,18.0,Employee Referral,Fully Meets,4.8,3,0,2019-01-07,0,14,0.9828884325804244,0.9919680237274617,3,2.7199999999999998,3.6,0,1,1,Solid Performers,2014,89208.0
"Purinton, Janine",10262,0,2,0,5,5,3,0,46430,1,19,Production Technician I,MA,2474,2070-09-22,F,Divorced,US Citizen,No,White,2012-09-24,2013-06-18,unhappy,Voluntarily Terminated,Production,Kissy Sullivan,20.0,Indeed,Fully Meets,4.5,5,0,2013-04-02,0,16,6.74880219028063,0.7744329321641452,3,2.68,2.1,1,1,1,Solid Performers,2012,69645.0
"Quinn, Sean",10131,1,1,1,5,1,3,1,83363,1,23,Software Engineer,MA,2045,1984-11-06,M ,Married,Eligible NonCitizen,No,Black or African American,2011-02-21,2015-08-15,career change,Voluntarily Terminated,Software Engineering,Janet King,2.0,Diversity Job Fair,Fully Meets,4.15,4,0,2014-04-19,0,4,5.702943189596167,0.8776026812545699,3,2.92,2.2499999999999996,1,1,1,Solid Performers,2011,125044.5
"Rachael, Maggie",10239,1,1,0,1,3,3,0,95920,0,4,BI Developer,MA,2110,1980-05-12,F,Married,US Citizen,No,Black or African American,2016-10-02,,N/A-StillEmployed,Active,IT/IS,Brian Champaigne,13.0,Indeed,Fully Meets,4.4,4,6,2019-02-06,0,10,0.9007529089664613,0.9882074460895337,3,3.4,2.5999999999999996,0,1,1,Solid Performers,2016,143880.0
"Rarrick, Quinn",10152,0,2,1,5,5,3,0,61729,1,19,Production Technician I,MA,2478,1984-12-31,M ,Divorced,US Citizen,No,White,2011-09-26,2018-04-07,more money,Voluntarily Terminated,Production,Michael Albert,22.0,Indeed,Fully Meets,3.8,5,0,2018-02-04,0,19,1.9055441478439425,1.0296138373801533,3,2.62,3.1,1,1,1,Solid Performers,2011,92593.5
"Ren, Kylo",10140,1,1,1,1,6,3,0,61809,0,3,Area Sales Manager,ID,83706,2054-10-12,M ,Married,US Citizen,No,White,2014-05-12,,N/A-StillEmployed,Active,Sales,John Smith,17.0,CareerBuilder,Fully Meets,3.98,3,0,2019-01-28,0,4,0.9253935660506503,0.8949880400710168,3,2.92,3.42,0,1,1,Solid Performers,2014,92713.5
"Rhoads, Thomas",10058,0,2,1,5,5,3,0,45115,1,19,Production Technician I,MA,2176,1982-07-22,M ,Divorced,US Citizen,Yes,White,2011-05-16,2016-01-15,retiring,Voluntarily Terminated,Production,Elijiah Gray,16.0,LinkedIn,Fully Meets,5.0,4,0,2015-03-30,0,11,4.758384668035592,0.7524992835361924,3,2.78,2.1,1,1,1,Solid Performers,2011,67672.5
"Rivera, Haley  ",10011,1,1,0,1,5,4,0,46738,0,19,Production Technician I,MA,2171,2073-01-12,F,Married,US Citizen,No,Asian,2011-11-28,,N/A-StillEmployed,Active,Production,Webster Butler,,Google Search,Exceeds,4.36,5,0,2019-02-11,0,16,0.8870636550308009,0.7795702430214909,4,3.68,2.2399999999999998,0,1,1,Solid Performers,2011,70107.0
"Roberson, May",10230,0,2,0,5,5,3,0,64971,1,20,Production Technician II,MA,1902,1981-09-05,F,Divorced,Eligible NonCitizen,No,Black or African American,2011-09-26,2011-10-22,return to school,Voluntarily Terminated,Production,David Stanley,14.0,Google Search,Fully Meets,4.5,4,0,2011-10-22,0,10,8.19438740588638,1.0836890380279276,3,2.8,2.5,1,1,1,Solid Performers,2011,97456.5
"Robertson, Peter",10224,1,1,1,5,5,3,0,55578,1,20,Production Technician II,MA,2138,2072-07-03,M ,Married,US Citizen,No,White,2011-07-05,2012-02-08,Another position,Voluntarily Terminated,Production,Kissy Sullivan,20.0,Indeed,Fully Meets,4.2,5,0,2012-01-06,0,13,7.98631074606434,0.9270177364595922,3,2.74,2.0999999999999996,1,1,1,Solid Performers,2011,83367.0
"Robinson, Alain  ",10047,1,1,1,5,5,3,0,50428,1,19,Production Technician I,MA,1420,2074-01-07,M ,Married,US Citizen,No,Black or African American,2011-01-10,2016-01-26,attendance,Voluntarily Terminated,Production,Amy Dunn,11.0,Indeed,Fully Meets,5.0,3,0,2015-01-10,0,11,4.974674880219028,0.8411178958254042,3,2.78,3.1,1,1,1,Solid Performers,2011,75642.0
"Robinson, Cherly",10285,1,1,0,4,5,2,0,61422,1,19,Production Technician I,MA,1460,1985-01-07,F,Married,US Citizen,No,White,2011-01-10,2016-05-17,attendance,Terminated for Cause,Production,Ketsia Liebig,19.0,Indeed,Needs Improvement,3.6,3,0,2016-04-05,4,16,3.7399041752224504,1.0244932061035135,2,1.68,5.0,1,0,0,Underpaid Overachievers,2011,92133.0
"Robinson, Elias",10020,0,4,1,1,5,4,0,63353,0,19,Production Technician I,MA,1730,1985-01-28,M ,Widowed,US Citizen,No,White,2013-07-08,,N/A-StillEmployed,Active,Production,Brannon Miller,12.0,Employee Referral,Exceeds,3.6,5,0,2019-02-11,0,4,0.8870636550308009,1.0567014764461575,4,3.92,1.7999999999999998,0,1,1,Solid Performers,2013,95029.5
"Roby, Lori ",10162,1,1,0,1,3,3,0,89883,0,9,Data Analyst,MA,1886,1981-10-11,F,Married,US Citizen,No,White,2015-02-16,,N/A-StillEmployed,Active,IT/IS,Simon Roup,4.0,Employee Referral,Fully Meets,3.69,5,6,2019-02-14,0,15,0.8788501026694046,0.926011779366822,3,3.3000000000000003,2.81,0,1,1,Solid Performers,2015,134824.5
"Roehrich, Bianca",10149,0,0,0,5,3,3,0,120000,1,29,Principal Data Architect,MA,2703,2073-05-27,F,Single,US Citizen,Yes,White,2015-01-05,2018-11-10,Another position,Voluntarily Terminated,IT/IS,Simon Roup,4.0,LinkedIn,Fully Meets,3.88,3,7,2018-02-13,0,12,1.8809034907597535,1.2362895489026695,3,3.46,4.32,1,1,1,Solid Performers,2015,180000.0
"Roper, Katie",10086,0,0,0,1,3,3,0,150290,0,7,Data Architect,MA,2056,2072-11-21,F,Single,US Citizen,No,Black or African American,2017-01-07,,N/A-StillEmployed,Active,IT/IS,Brian Champaigne,13.0,Indeed,Fully Meets,4.94,3,5,2019-02-06,0,17,0.9007529089664613,1.5483496358715183,3,3.16,3.76,0,1,1,Solid Performers,2017,225435.0
"Rose, Ashley  ",10054,0,3,0,1,5,3,0,60627,0,19,Production Technician I,MA,1886,2074-12-05,F,Separated,US Citizen,No,White,2014-01-06,,N/A-StillEmployed,Active,Production,David Stanley,14.0,Website,Fully Meets,5.0,4,0,2019-01-31,0,8,0.917180013689254,1.0112329394425077,3,2.84,1.8,0,1,1,Solid Performers,2014,90940.5
"Rossetti, Bruno",10065,0,0,1,5,5,3,0,53180,1,19,Production Technician I,MA,2155,1987-03-18,M ,Single,US Citizen,No,White,2011-04-04,2018-08-13,Another position,Voluntarily Terminated,Production,Kissy Sullivan,20.0,Google Search,Fully Meets,5.0,5,0,2018-07-02,0,4,1.5003422313483916,0.8870201019274013,3,2.92,0.4,1,1,1,Solid Performers,2011,79770.0
"Roup,Simon",10198,0,0,1,1,3,3,0,140920,0,13,IT Manager - DB,MA,2481,2073-04-05,M ,Single,US Citizen,No,White,2013-01-20,,N/A-StillEmployed,Active,IT/IS,Jennifer Zamora,5.0,Indeed,Fully Meets,3.6,5,7,2019-02-18,0,13,0.8678986995208761,1.4518160269280347,3,3.4400000000000004,2.7,0,1,1,Solid Performers,2013,211380.0
"Ruiz, Ricardo",10222,0,2,1,5,3,3,1,148999,1,13,IT Manager - DB,MA,1915,2064-01-04,M ,Divorced,US Citizen,No,Black or African American,2012-01-09,2015-11-04,hours,Voluntarily Terminated,IT/IS,Jennifer Zamora,5.0,Diversity Job Fair,Fully Meets,4.3,4,6,2015-01-04,0,8,4.991101984941821,1.535049220807907,3,3.44,2.5,1,1,1,Solid Performers,2012,223498.5
"Saada, Adell",10126,1,1,0,1,4,3,0,86214,0,24,Software Engineer,MA,2132,1986-07-24,F,Married,US Citizen,No,White,2012-11-05,,N/A-StillEmployed,Active,Software Engineering,Alex Sweetwater,10.0,Indeed,Fully Meets,4.2,3,6,2019-02-13,0,2,0.8815879534565366,0.9076165392522041,3,3.56,3.0,0,1,1,Solid Performers,2012,129321.0
"Saar-Beckles, Melinda",10295,0,0,0,2,5,2,1,47750,0,19,Production Technician I,MA,1801,2068-06-06,F,Single,US Citizen,No,Black or African American,2016-07-04,,N/A-StillEmployed,Active,Production,Kelley Spirea,18.0,Diversity Job Fair,Needs Improvement,2.6,4,0,2019-02-18,5,4,0.8678986995208761,0.7964499786956264,2,1.92,3.8,0,0,0,Underpaid Overachievers,2016,71625.0
"Sadki, Nore  ",10260,0,0,1,5,5,3,0,46428,1,19,Production Technician I,MA,2148,2074-12-21,M ,Single,US Citizen,No,White,2009-01-05,2018-07-30,relocation out of area,Voluntarily Terminated,Production,Michael Albert,22.0,Google Search,Fully Meets,4.6,5,0,2018-02-05,0,7,1.9028062970568105,0.7743995730027339,3,2.86,1.1000000000000003,1,1,1,Solid Performers,2009,69642.0
"Sahoo, Adil",10233,1,1,1,1,5,3,0,57975,0,20,Production Technician II,MA,2062,1986-04-26,M ,Married,US Citizen,No,White,2010-08-30,,N/A-StillEmployed,Active,Production,Kelley Spirea,18.0,CareerBuilder,Fully Meets,4.1,3,0,2019-01-10,0,13,0.974674880219028,0.9669986914110773,3,2.74,4.2,0,1,0,Underpaid Overachievers,2010,86962.5
"Salter, Jason",10229,0,2,1,5,3,3,0,88527,1,9,Data Analyst,MA,2452,1987-12-17,M ,Divorced,US Citizen,No,Black or African American,2015-01-05,2015-10-31,hours,Voluntarily Terminated,IT/IS,Simon Roup,4.0,LinkedIn,Fully Meets,4.2,3,5,2015-04-20,0,2,4.700889801505818,0.9120417074642218,3,3.46,3.0,1,1,1,Solid Performers,2015,132790.5
"Sander, Kamrin",10169,1,1,0,1,5,3,0,56147,0,19,Production Technician I,MA,2154,1988-07-10,F,Married,US Citizen,No,Black or African American,2014-09-29,,N/A-StillEmployed,Active,Production,Elijiah Gray,16.0,LinkedIn,Fully Meets,3.51,3,0,2019-02-18,0,2,0.8678986995208761,0.936508417881117,3,2.96,3.6900000000000004,0,1,1,Solid Performers,2014,84220.5
"Sewkumar, Nori",10071,0,0,0,3,5,3,0,50923,0,19,Production Technician I,MA,2191,2075-03-10,F,Single,US Citizen,No,Asian,2013-09-30,,N/A-StillEmployed,Active,Production,Webster Butler,,Google Search,Fully Meets,5.0,5,0,2019-02-06,0,14,0.9007529089664613,0.8493742882747096,3,2.7199999999999998,1.4,0,1,1,Solid Performers,2013,76384.5
"Shepard, Anita ",10179,1,1,0,1,3,3,0,50750,0,15,Network Engineer,MA,1773,1981-04-14,F,Married,US Citizen,No,White,2014-09-30,,N/A-StillEmployed,Active,IT/IS,Peter Monroe,7.0,LinkedIn,Fully Meets,3.31,3,6,2019-01-07,0,7,0.9828884325804244,0.5228474550567539,3,3.46,4.39,0,1,1,Solid Performers,2014,76125.0
"Shields, Seffi",10091,1,1,0,1,5,3,0,52087,0,19,Production Technician I,MA,2149,1985-08-24,F,Married,US Citizen,No,White,2013-08-19,,N/A-StillEmployed,Active,Production,Amy Dunn,11.0,LinkedIn,Fully Meets,4.81,4,0,2019-02-15,0,15,0.8761122518822724,0.8687893202161067,3,2.7,2.6900000000000004,0,1,1,Solid Performers,2013,78130.5
"Simard, Kramer",10178,1,1,1,1,3,3,0,87826,0,9,Data Analyst,MA,2110,2070-02-08,M ,Married,US Citizen,Yes,White,2015-01-05,,N/A-StillEmployed,Active,IT/IS,Simon Roup,4.0,Employee Referral,Fully Meets,3.32,3,7,2019-01-14,0,16,0.9637234770704997,0.9048197160160487,3,3.3800000000000003,5.28,0,1,0,Underpaid Overachievers,2015,131739.0
"Singh, Nan ",10039,0,0,0,1,1,3,0,51920,0,2,Administrative Assistant,MA,2330,1988-05-19,F,Single,US Citizen,No,White,2015-05-01,,N/A-StillEmployed,Active,Admin Offices,Brandon R. LeBlanc,1.0,Website,Fully Meets,5.0,3,5,2019-01-15,0,2,0.9609856262833676,0.7232014758708427,3,3.46,2.2,0,1,1,Solid Performers,2015,77880.0
"Sloan, Constance",10095,0,0,0,5,5,3,0,63878,1,20,Production Technician II,MA,1851,1987-11-25,F,Single,US Citizen,No,White,2009-10-26,2015-04-08,maternity leave - did not return,Voluntarily Terminated,Production,Michael Albert,22.0,CareerBuilder,Fully Meets,4.68,4,0,2015-04-02,0,20,4.7501711156741955,1.065458256316633,3,2.6,3.3200000000000003,1,1,1,Solid Performers,2009,95817.0
"Smith, Joe",10027,0,0,1,1,5,4,0,60656,0,20,Production Technician II,MA,2045,2063-10-30,M ,Single,US Citizen,No,White,2014-09-29,,N/A-StillEmployed,Active,Production,Elijiah Gray,16.0,Indeed,Exceeds,4.3,3,0,2019-01-28,0,4,0.9253935660506503,1.0117166472829722,4,3.92,3.1,0,1,1,Solid Performers,2014,90984.0
"Smith, John",10291,0,2,1,1,6,2,1,72992,0,21,Sales Manager,MA,1886,1984-08-16,M ,Divorced,US Citizen,No,Black or African American,2014-05-18,,N/A-StillEmployed,Active,Sales,Debra Houlihan,15.0,Diversity Job Fair,Needs Improvement,2.4,4,0,2019-01-16,2,16,0.9582477754962354,1.056916743853867,2,1.68,5.2,0,0,0,Underpaid Overachievers,2014,109488.0
"Smith, Leigh Ann",10153,1,1,0,5,1,3,1,55000,1,2,Administrative Assistant,MA,1844,1987-06-14,F,Married,US Citizen,No,Black or African American,2011-09-26,2013-09-25,career change,Voluntarily Terminated,Admin Offices,Brandon R. LeBlanc,1.0,Diversity Job Fair,Fully Meets,3.8,4,4,2013-08-15,0,17,6.379192334017796,0.7661032583377572,3,3.06,3.9000000000000004,1,1,1,Solid Performers,2011,82500.0
"Smith, Sade",10157,0,0,0,1,5,3,0,58939,0,19,Production Technician I,MA,2130,2065-02-02,F,Single,US Citizen,No,White,2013-11-11,,N/A-StillEmployed,Active,Production,Ketsia Liebig,19.0,Employee Referral,Fully Meets,3.73,3,0,2019-01-24,0,16,0.9363449691991786,0.9830778072113409,3,2.68,4.87,0,1,0,Underpaid Overachievers,2013,88408.5
"Soto, Julia ",10119,1,1,0,1,3,3,0,66593,0,14,IT Support,MA,2360,2073-03-12,F,Married,US Citizen,No,Black or African American,2011-06-10,,N/A-StillEmployed,Active,IT/IS,Eric Dougall,6.0,LinkedIn,Fully Meets,4.3,3,5,2019-02-08,0,19,0.8952772073921971,0.6860685827506289,3,3.12,4.6,0,1,0,Underpaid Overachievers,2011,99889.5
"Soze, Keyser",10180,1,1,1,2,3,3,0,87565,0,28,Sr. Network Engineer,MA,1545,1983-02-09,M ,Married,US Citizen,No,Asian,2016-06-30,,N/A-StillEmployed,Active,IT/IS,Peter Monroe,7.0,LinkedIn,Fully Meets,3.27,4,5,2019-01-14,0,13,0.9637234770704997,0.9021307862471853,3,3.24,4.03,0,1,1,Solid Performers,2016,131347.5
"Sparks, Taylor  ",10302,1,1,0,1,5,1,0,64021,0,19,Production Technician I,MA,2093,2068-07-20,F,Married,US Citizen,No,White,2012-02-20,,N/A-StillEmployed,Active,Production,Brannon Miller,12.0,Indeed,PIP,2.4,2,1,2019-02-25,6,20,0.8487337440109514,1.0678434363575435,1,0.7000000000000001,7.6,0,0,0,Underpaid Overachievers,2012,96031.5
"Spirea, Kelley",10090,1,1,0,1,5,3,0,65714,0,18,Production Manager,MA,2451,2075-09-30,F,Married,US Citizen,No,White,2012-10-02,,N/A-StillEmployed,Active,Production,Janet King,2.0,LinkedIn,Fully Meets,4.83,5,0,2019-02-14,0,15,0.8788501026694046,1.0960819664922388,3,2.7,1.67,0,1,1,Solid Performers,2012,98571.0
"Squatrito, Kristen",10030,0,2,0,5,5,4,0,62425,1,19,Production Technician I,MA,2359,2073-03-26,F,Divorced,US Citizen,No,White,2013-05-13,2015-06-29,unhappy,Voluntarily Terminated,Production,David Stanley,14.0,LinkedIn,Exceeds,4.1,4,0,2015-03-02,0,16,4.8350444900752905,1.041222825551298,4,3.68,3.5000000000000004,1,1,1,Solid Performers,2013,93637.5
"Stanford,Barbara  M",10278,0,2,0,1,5,3,0,47961,0,19,Production Technician I,MA,2050,1982-08-25,F,Divorced,US Citizen,No,Two or more races,2011-01-10,,N/A-StillEmployed,Active,Production,Kissy Sullivan,20.0,Google Search,Fully Meets,4.1,4,0,2019-02-07,0,9,0.8980150581793293,0.7999693702245223,3,2.82,2.8000000000000003,0,1,1,Solid Performers,2011,71941.5
"Stansfield, Norman",10307,1,1,1,1,6,1,0,58273,0,3,Area Sales Manager,NV,89139,2074-05-09,M ,Married,US Citizen,No,White,2014-05-12,,N/A-StillEmployed,Active,Sales,Lynn Daneault,21.0,Website,PIP,1.81,2,0,2019-01-17,3,5,0.9555099247091033,0.8437871193363161,1,0.9,6.6899999999999995,0,0,0,Underpaid Overachievers,2014,87409.5
"Steans, Tyrone  ",10147,0,0,1,1,1,3,0,63003,0,1,Accountant I,MA,2703,1986-09-01,M ,Single,US Citizen,No,White,2014-09-29,,N/A-StillEmployed,Active,Admin Offices,Brandon R. LeBlanc,1.0,Indeed,Fully Meets,3.9,5,5,2019-01-18,0,9,0.9527720739219713,0.8775782470009765,3,3.32,2.0,0,1,1,Solid Performers,2014,94504.5
"Stoica, Rick",10266,1,1,1,1,5,3,0,61355,0,19,Production Technician I,MA,2301,1985-03-14,M ,Married,US Citizen,No,Asian,2014-02-17,,N/A-StillEmployed,Active,Production,Kelley Spirea,18.0,LinkedIn,Fully Meets,4.7,3,0,2019-01-11,0,4,0.971937029431896,1.0233756741962337,3,2.92,2.6999999999999997,0,1,1,Solid Performers,2014,92032.5
"Strong, Caitrin",10241,1,1,0,1,6,3,0,60120,0,3,Area Sales Manager,MT,59102,1989-05-12,F,Married,US Citizen,No,Black or African American,2010-09-27,,N/A-StillEmployed,Active,Sales,John Smith,17.0,Indeed,Fully Meets,4.1,4,0,2019-01-31,0,18,0.917180013689254,0.8705314916770944,3,2.64,3.7,0,1,0,Underpaid Overachievers,2010,90180.0
"Sullivan, Kissy ",10158,1,1,0,1,5,3,0,63682,0,18,Production Manager,MA,1776,1978-03-28,F,Married,US Citizen,No,Black or African American,2009-01-08,,N/A-StillEmployed,Active,Production,Janet King,2.0,Indeed,Fully Meets,3.73,4,0,2019-01-24,0,12,0.9363449691991786,1.0621890584983222,3,2.76,3.4699999999999998,0,1,1,Solid Performers,2009,95523.0
"Sullivan, Timothy",10117,1,1,1,1,5,3,0,63025,0,19,Production Technician I,MA,2747,1982-10-07,M ,Married,US Citizen,Yes,White,2015-01-05,,N/A-StillEmployed,Active,Production,Michael Albert,22.0,Google Search,Fully Meets,4.36,5,0,2019-01-24,0,10,0.9363449691991786,1.0512305739746985,3,2.8,1.6399999999999997,0,1,1,Solid Performers,2015,94537.5
"Sutwell, Barbara",10209,0,0,0,1,5,3,0,59238,0,19,Production Technician I,MA,2718,2068-08-15,F,Single,Eligible NonCitizen,No,Asian,2012-05-14,,N/A-StillEmployed,Active,Production,Elijiah Gray,16.0,Indeed,Fully Meets,3.4,5,0,2019-01-31,0,13,0.917180013689254,0.9880650018423355,3,2.74,2.9000000000000004,0,1,1,Solid Performers,2012,88857.0
"Szabo, Andrew",10024,0,0,1,1,4,4,0,92989,0,24,Software Engineer,MA,2140,1983-05-06,M ,Single,US Citizen,No,White,2014-07-07,,N/A-StillEmployed,Active,Software Engineering,Alex Sweetwater,10.0,LinkedIn,Exceeds,4.5,5,5,2019-02-18,0,1,0.8678986995208761,0.9789402459985989,4,4.48,0.6,0,1,1,Solid Performers,2014,139483.5
"Tannen, Biff",10173,1,1,1,1,3,3,0,90100,0,4,BI Developer,MA,2134,1987-10-24,M ,Married,US Citizen,No,White,2017-04-20,,N/A-StillEmployed,Active,IT/IS,Brian Champaigne,13.0,Indeed,Fully Meets,3.4,3,6,2019-01-02,0,14,0.9965776865160849,0.9282474029677543,3,3.3200000000000003,5.0,0,1,0,Underpaid Overachievers,2017,135150.0
"Tavares, Desiree  ",10221,1,1,0,5,5,3,1,60754,1,19,Production Technician I,MA,1801,2075-04-03,F,Married,Non-Citizen,No,Black or African American,2009-04-27,2013-04-01,Another position,Voluntarily Terminated,Production,Webster Butler,39.0,Diversity Job Fair,Fully Meets,4.5,5,0,2012-02-15,0,11,7.876796714579055,1.0133512461921275,3,2.78,1.6,1,1,1,Solid Performers,2009,91131.0
"Tejeda, Lenora ",10146,1,1,0,5,5,3,0,72202,1,20,Production Technician II,MA,2129,2053-05-24,F,Married,US Citizen,No,White,2011-05-16,2017-07-08,Another position,Voluntarily Terminated,Production,Elijiah Gray,16.0,Google Search,Fully Meets,3.93,3,0,2017-04-18,0,3,2.704996577686516,1.2042990861106098,3,2.94,3.3699999999999997,1,1,1,Solid Performers,2011,108303.0
"Terry, Sharlene ",10161,0,0,0,1,6,3,0,58370,0,3,Area Sales Manager,OR,97756,2065-05-07,F,Single,US Citizen,No,Black or African American,2014-09-29,,N/A-StillEmployed,Active,Sales,Lynn Daneault,21.0,Indeed,Fully Meets,3.69,3,0,2019-01-28,0,18,0.9253935660506503,0.8451916694809049,3,2.64,5.11,0,1,0,Underpaid Overachievers,2014,87555.0
"Theamstern, Sophia",10141,0,0,0,5,5,3,0,48413,1,19,Production Technician I,MA,2066,2065-05-09,F,Single,US Citizen,No,White,2011-07-05,2016-09-05,return to school,Voluntarily Terminated,Production,Amy Dunn,11.0,Indeed,Fully Meets,3.98,4,0,2016-03-02,0,1,3.8329911019849416,0.807508540703484,3,2.98,2.12,1,1,1,Solid Performers,2011,72619.5
"Thibaud, Kenneth",10268,0,4,1,5,5,3,0,67176,1,20,Production Technician II,MA,2472,2075-09-16,M ,Widowed,US Citizen,No,White,2007-06-25,2010-08-30,military,Voluntarily Terminated,Production,Webster Butler,39.0,Other,Fully Meets,4.1,4,0,2010-07-14,0,15,9.467488021902806,1.1204675134839246,3,2.7,3.4000000000000004,1,1,1,Solid Performers,2007,100764.0
"Tippett, Jeanette",10123,0,2,0,1,5,3,0,56339,0,19,Production Technician I,MA,2093,2067-06-05,F,Divorced,US Citizen,No,Black or African American,2013-02-18,,N/A-StillEmployed,Active,Production,Brannon Miller,12.0,Indeed,Fully Meets,4.21,5,0,2019-01-14,0,4,0.9637234770704997,0.9397108973766052,3,2.92,1.19,0,1,1,Solid Performers,2013,84508.5
"Torrence, Jack",10013,0,3,1,1,6,4,0,64397,0,3,Area Sales Manager,ND,58782,2068-01-15,M ,Separated,US Citizen,No,White,2006-01-09,,N/A-StillEmployed,Active,Sales,Lynn Daneault,21.0,Indeed,Exceeds,4.1,3,0,2019-01-04,0,6,0.9911019849418207,0.9324620171245817,4,3.88,3.5000000000000004,0,1,1,Solid Performers,2006,96595.5
"Trang, Mei",10287,0,0,0,1,5,2,0,63025,0,19,Production Technician I,MA,2021,1983-05-16,F,Single,US Citizen,No,White,2014-02-17,,N/A-StillEmployed,Active,Production,David Stanley,14.0,LinkedIn,Needs Improvement,2.44,5,0,2019-02-11,4,18,0.8870636550308009,1.0512305739746985,2,1.6400000000000001,4.36,0,0,0,Underpaid Overachievers,2014,94537.5
"Tredinnick, Neville ",10044,1,1,1,5,3,3,0,75281,1,15,Network Engineer,MA,1420,1988-05-05,M ,Married,US Citizen,No,White,2015-01-05,2016-02-12,medical issues,Voluntarily Terminated,IT/IS,Peter Monroe,7.0,CareerBuilder,Fully Meets,5.0,3,5,2015-04-15,0,11,4.714579055441479,0.7755759460911821,3,3.28,3.1,1,1,1,Solid Performers,2015,112921.5
"True, Edward",10102,0,0,1,5,4,3,1,100416,1,24,Software Engineer,MA,2451,1983-06-14,M ,Single,Non-Citizen,No,Black or African American,2013-02-18,2018-04-15,medical issues,Voluntarily Terminated,Software Engineering,Alex Sweetwater,10.0,Diversity Job Fair,Fully Meets,4.6,3,4,2017-02-12,0,9,2.8829568788501025,1.0571278725676725,3,3.2199999999999998,3.3000000000000003,1,1,1,Solid Performers,2013,150624.0
"Trzeciak, Cybil",10270,0,0,0,5,5,3,0,74813,1,20,Production Technician II,MA,1778,1985-03-15,F,Single,US Citizen,No,White,2011-01-10,2014-07-02,unhappy,Voluntarily Terminated,Production,Amy Dunn,11.0,LinkedIn,Fully Meets,4.4,3,0,2014-01-05,0,5,5.987679671457905,1.2478494713331079,3,2.9,3.0999999999999996,1,1,1,Solid Performers,2011,112219.5
"Turpin, Jumil",10045,1,1,1,1,3,3,0,76029,0,15,Network Engineer,MA,2343,2069-03-31,M ,Married,Eligible NonCitizen,No,White,2015-03-30,,N/A-StillEmployed,Active,IT/IS,Peter Monroe,7.0,Employee Referral,Fully Meets,5.0,4,7,2019-01-14,0,8,0.9637234770704997,0.7832821509460087,3,3.54,1.8,0,1,1,Solid Performers,2015,114043.5
"Valentin,Jackie",10205,1,1,0,1,6,3,0,57859,0,3,Area Sales Manager,AZ,85006,1991-05-23,F,Married,US Citizen,No,Two or more races,2011-07-05,,N/A-StillEmployed,Active,Sales,John Smith,17.0,Indeed,Fully Meets,2.81,3,0,2019-01-17,0,16,0.9555099247091033,0.8377924413996175,3,2.68,5.789999999999999,0,1,0,Underpaid Overachievers,2011,86788.5
"Veera, Abdellah ",10014,0,2,1,5,5,4,0,58523,1,19,Production Technician I,MA,2171,1987-01-31,M ,Divorced,US Citizen,No,White,2012-08-13,2016-02-05,maternity leave - did not return,Voluntarily Terminated,Production,Kissy Sullivan,20.0,LinkedIn,Exceeds,4.5,5,0,2016-02-01,0,15,3.915126625598905,0.9761391016377832,4,3.7,2.0,1,1,1,Solid Performers,2012,87784.5
"Vega, Vincent",10144,0,2,1,1,5,3,0,88976,0,17,Production Manager,MA,2169,2068-10-10,M ,Divorced,US Citizen,No,White,2011-08-01,,N/A-StillEmployed,Active,Production,Janet King,2.0,Employee Referral,Fully Meets,3.93,3,0,2019-02-27,0,19,0.8432580424366872,1.4840823728674777,3,2.62,4.97,0,1,0,Underpaid Overachievers,2011,133464.0
"Villanueva, Noah",10253,0,0,1,1,6,3,0,55875,0,3,Area Sales Manager,ME,4063,1989-07-11,M ,Single,US Citizen,No,Asian,2012-03-05,,N/A-StillEmployed,Active,Sales,John Smith,17.0,Website,Fully Meets,4.5,4,0,2019-01-18,0,11,0.9527720739219713,0.8090643229783375,3,2.78,2.6,0,1,1,Solid Performers,2012,83812.5
"Voldemort, Lord",10118,1,1,1,4,3,3,0,113999,1,8,Database Administrator,MA,1960,1986-08-07,M ,Married,US Citizen,No,Black or African American,2015-02-16,2017-02-22,"no-call, no-show",Terminated for Cause,IT/IS,Simon Roup,4.0,Employee Referral,Fully Meets,4.33,3,7,2017-02-15,0,9,2.8747433264887063,1.1744647690446284,3,3.52,3.57,1,1,1,Solid Performers,2015,170998.5
"Volk, Colleen",10022,1,1,0,4,5,4,0,49773,1,19,Production Technician I,MA,2747,1986-06-03,F,Married,US Citizen,No,White,2011-09-26,2016-02-08,gross misconduct,Terminated for Cause,Production,Kelley Spirea,18.0,Google Search,Exceeds,4.3,5,0,2015-02-01,0,18,4.914442162902122,0.830192770463192,4,3.64,2.5,1,1,1,Solid Performers,2011,74659.5
"Von Massenbach, Anna",10183,0,0,0,2,5,3,0,62068,0,19,Production Technician I,MA,2124,1985-04-06,F,Single,US Citizen,No,White,2015-07-05,,N/A-StillEmployed,Active,Production,Michael Albert,22.0,LinkedIn,Fully Meets,3.21,3,0,2019-01-29,0,7,0.9226557152635181,1.0352682152393746,3,2.86,4.49,0,1,0,Underpaid Overachievers,2015,93102.0
"Walker, Roger",10190,0,0,1,1,5,3,0,66541,0,20,Production Technician II,MA,2459,1976-02-10,M ,Single,US Citizen,No,Black or African American,2014-08-18,,N/A-StillEmployed,Active,Production,Ketsia Liebig,19.0,Employee Referral,Fully Meets,3.11,5,0,2019-02-12,0,4,0.8843258042436687,1.1098759797358257,3,2.92,2.29,0,1,1,Solid Performers,2014,99811.5
"Wallace, Courtney  E",10274,1,1,0,5,5,3,1,80512,1,18,Production Manager,MA,2478,2055-11-14,F,Married,US Citizen,No,Black or African American,2011-09-26,2012-01-02,Another position,Voluntarily Terminated,Production,Janet King,2.0,Diversity Job Fair,Fully Meets,4.5,3,0,2012-01-02,0,5,7.997262149212868,1.3429064017747074,3,2.9,3.0,1,1,1,Solid Performers,2011,120768.0
"Wallace, Theresa",10293,0,0,0,5,5,2,0,50274,1,19,Production Technician I,MA,1887,1980-08-02,F,Single,US Citizen,No,White,2012-08-13,2015-09-01,career change,Voluntarily Terminated,Production,Elijiah Gray,16.0,CareerBuilder,Needs Improvement,2.5,3,0,2014-09-05,6,13,5.322381930184805,0.8385492403967314,2,1.74,5.8,1,0,0,Underpaid Overachievers,2012,75411.0
"Wang, Charlie",10172,0,0,1,1,3,3,0,84903,0,22,Senior BI Developer,MA,1887,1981-07-08,M ,Single,US Citizen,No,Asian,2017-02-15,,N/A-StillEmployed,Active,IT/IS,Brian Champaigne,13.0,Indeed,Fully Meets,3.42,4,7,2019-01-04,0,17,0.9911019849418207,0.8747057630873611,3,3.3600000000000003,4.28,0,1,1,Solid Performers,2017,127354.5
"Warfield, Sarah",10127,0,4,0,1,3,3,0,107226,0,28,Sr. Network Engineer,MA,2453,1978-05-02,F,Widowed,US Citizen,No,Asian,2015-03-30,,N/A-StillEmployed,Active,IT/IS,Peter Monroe,7.0,Employee Referral,Fully Meets,4.2,4,8,2019-02-05,0,7,0.9034907597535934,1.1046865264219803,3,3.6599999999999997,2.5,0,1,1,Solid Performers,2015,160839.0
"Whittier, Scott",10072,0,0,1,5,5,3,0,58371,1,19,Production Technician I,MA,2030,1987-05-24,M ,Single,US Citizen,Yes,White,2011-01-10,2014-05-15,hours,Voluntarily Terminated,Production,Webster Butler,39.0,LinkedIn,Fully Meets,5.0,5,0,2014-05-15,0,11,5.631759069130732,0.9736038053705217,3,2.78,1.1,1,1,1,Solid Performers,2011,87556.5
"Wilber, Barry",10048,1,1,1,5,5,3,0,55140,1,19,Production Technician I,MA,2324,2065-09-09,M ,Married,Eligible NonCitizen,No,White,2011-05-16,2015-09-07,unhappy,Voluntarily Terminated,Production,Amy Dunn,11.0,Website,Fully Meets,5.0,3,0,2015-02-15,0,7,4.876112251882272,0.9197120801105098,3,2.86,2.7,1,1,1,Solid Performers,2011,82710.0
"Wilkes, Annie",10204,0,2,0,5,5,3,0,58062,1,19,Production Technician I,MA,1876,1983-07-30,F,Divorced,US Citizen,No,White,2011-01-10,2012-05-14,Another position,Voluntarily Terminated,Production,Ketsia Liebig,19.0,Google Search,Fully Meets,3.6,5,0,2011-02-06,0,9,8.900752908966462,0.9684498149324704,3,2.82,2.3,1,1,1,Solid Performers,2011,87093.0
"Williams, Jacquelyn  ",10264,0,0,0,5,5,3,1,59728,1,19,Production Technician I,MA,2109,2069-10-02,F,Single,US Citizen,Yes,Black or African American,2012-01-09,2015-06-27,relocation out of area,Voluntarily Terminated,Production,Ketsia Liebig,19.0,Diversity Job Fair,Fully Meets,4.3,4,0,2014-06-02,0,16,5.582477754962355,0.9962379963881126,3,2.68,3.3000000000000003,1,1,1,Solid Performers,2012,89592.0
"Winthrop, Jordan  ",10033,0,0,1,5,5,4,0,70507,1,20,Production Technician II,MA,2045,2058-11-07,M ,Single,US Citizen,No,White,2013-01-07,2016-02-21,retiring,Voluntarily Terminated,Production,Brannon Miller,12.0,LinkedIn,Exceeds,5.0,3,0,2016-01-19,0,7,3.9507186858316223,1.1760271968145033,4,3.86,2.7,1,1,1,Solid Performers,2013,105760.5
"Wolk, Hang  T",10174,0,0,0,1,5,3,0,60446,0,20,Production Technician II,MA,2302,1985-04-20,F,Single,US Citizen,No,White,2014-09-29,,N/A-StillEmployed,Active,Production,David Stanley,14.0,LinkedIn,Fully Meets,3.4,4,0,2019-02-21,0,14,0.8596851471594799,1.0082139353347819,3,2.7199999999999998,4.0,0,1,0,Underpaid Overachievers,2014,90669.0
"Woodson, Jason",10135,0,0,1,1,5,3,0,65893,0,20,Production Technician II,MA,1810,1985-05-11,M ,Single,US Citizen,No,White,2014-07-07,,N/A-StillEmployed,Active,Production,Kissy Sullivan,20.0,LinkedIn,Fully Meets,4.07,4,0,2019-02-28,0,13,0.840520191649555,1.0990676114385531,3,2.74,3.2299999999999995,0,1,1,Solid Performers,2014,98839.5
"Ybarra, Catherine ",10301,0,0,0,5,5,1,0,48513,1,19,Production Technician I,MA,2458,1982-05-04,F,Single,US Citizen,No,Asian,2008-09-02,2015-09-29,Another position,Voluntarily Terminated,Production,Brannon Miller,12.0,Google Search,PIP,3.2,2,0,2015-09-02,5,4,4.331279945242985,0.8091764987740508,1,0.92,5.2,1,0,0,Underpaid Overachievers,2008,72769.5
"Zamora, Jennifer",10010,0,0,0,1,3,4,0,220450,0,6,CIO,MA,2067,1979-08-30,F,Single,US Citizen,No,White,2010-04-10,,N/A-StillEmployed,Active,IT/IS,Janet King,2.0,Employee Referral,Exceeds,4.6,5,6,2019-02-21,0,16,0.8596851471594799,2.271166925463279,4,4.279999999999999,2.0000000000000004,0,1,2,Disengaged Risk Group,2010,330675.0
"Zhou, Julia",10043,0,0,0,1,3,3,0,89292,0,9,Data Analyst,MA,2148,1979-02-24,F,Single,US Citizen,No,White,2015-03-30,,N/A-StillEmployed,Active,IT/IS,Simon Roup,4.0,Employee Referral,Fully Meets,5.0,3,5,2019-02-01,0,11,0.9144421629021219,0.9199230533384763,3,3.28,3.1,0,1,1,Solid Performers,2015,133938.0
"Zima, Colleen",10271,0,4,0,1,5,3,0,45046,0,19,Production Technician I,MA,1730,1978-08-17,F,Widowed,US Citizen,No,Asian,2014-09-29,,N/A-StillEmployed,Active,Production,David Stanley,14.0,LinkedIn,Fully Meets,4.5,5,0,2019-01-30,0,2,0.919917864476386,0.7513483924675013,3,2.96,0.7,0,1,1,Solid Performers,2014,67569.0
